; AIR file created with MCM 2.0b
; 0
[Begin Action 5081]
Clsn2Default: 1
  Clsn2[0] = -91, -25, 50, 6
5045,0, 0,0, -1


; 　ダウン追撃浮かしうつ?E
[Begin Action 5091]
Clsn2: 1
  Clsn2[0] = -46, -145, 56, -5
5035,0, 0,0, 5


; バウンドうつ?E?
[Begin Action 5101]
Clsn2: 1
  Clsn2[0] = -56, -89, 57, 4
5045,0, 0,0, 4


; バウンドうつ?E豢罩
[Begin Action 5161]
Clsn2Default: 1
  Clsn2[0] = -47, -76, 59, 5
5045,0, 0,0, -1


; バウンドうつ?E坏孛?
[Begin Action 5171]
Clsn2Default: 1
  Clsn2[0] = -45, -74, 66, 10
5045,0, 0,0, 2


; LieDown
[Begin Action 5111]
Clsn2: 1
  Clsn2[0] = -90, -28, 82, 8
5045,10, 0,0, 1


;0
[Begin Action 5121]
Clsn2: 1
  Clsn2[0] = -77, -39, 55, 3
5121,0, 0,0, 4
Clsn2: 1
  Clsn2[0] = -77, -39, 55, 3
5121,1, 0,0, 4
Clsn2: 1
  Clsn2[0] = -25, -71, 27, 3
5120,1, 0,0, 3
Clsn2: 1
  Clsn2[0] = -22, -104, 24, 0
5120,3, 0,0, 2
Clsn2: 1
  Clsn2[0] = -22, -169, 23, 0
5120,4, 0,0, 2
Clsn2: 1
  Clsn2[0] = -22, -169, 23, 0
5120,5, 0,0, 2


; LieDead animation
[Begin Action 5151]
Clsn2: 1
  Clsn2[0] = -79, -25, 85, 10
5045,10, 0,0, 1

;
;0
[Begin Action 0]
Clsn2: 1
  Clsn2[0] = -19, -205, 22, 0
1,2, 0,0, 4
Clsn2: 1
  Clsn2[0] = -19, -205, 22, 0
1,1, 0,0, 4
Clsn2: 1
  Clsn2[0] = -19, -209, 22, 0
1,0, 0,0, 4
Clsn2: 1
  Clsn2[0] = -19, -209, 22, 0
Loopstart
0,1, 0,0, 8
Clsn2: 1
  Clsn2[0] = -19, -209, 22, 0
0,2, 0,0, 20
Clsn2: 1
  Clsn2[0] = -19, -209, 22, 0
0,3, 0,0, 8
Clsn2: 1
  Clsn2[0] = -19, -209, 22, 0
0,0, 0,0, 6


;0
[Begin Action 5]
Clsn2: 1
  Clsn2[0] = -18, -212, 19, 0
5,0, 0,0, 2


;0
[Begin Action 20]
Clsn2: 3
  Clsn2[0] = -41, -119, -5, 0
  Clsn2[1] = -5, -154, 22, -90
  Clsn2[2] = 15, -177, 44, -146
100,0, -25,0, 3
Clsn2: 3
  Clsn2[0] = -41, -119, -5, 0
  Clsn2[1] = -5, -154, 22, -90
  Clsn2[2] = 15, -177, 44, -146
100,1, -25,0, 3


;0
[Begin Action 21]
Clsn2: 1
  Clsn2[0] = -15, -209, 21, 0
20,1, 0,0, 6
Clsn2: 1
  Clsn2[0] = -15, -209, 21, 0
20,4, 0,0, 8
Clsn2: 1
  Clsn2[0] = -15, -209, 21, 0
20,3, 0,0, 6
Clsn2: 1
  Clsn2[0] = -15, -209, 21, 0
20,2, 0,0, 8


;0
[Begin Action 40]
Clsn2: 1
  Clsn2[0] = -18, -215, 20, 0
41,0, 0,0, 3


;0
[Begin Action 41]
Clsn2: 1
  Clsn2[0] = -16, -212, 21, -61
41,1, 0,0, 10
Clsn2: 1
  Clsn2[0] = -16, -212, 21, -61
41,2, 0,0, 8
Clsn2: 1
  Clsn2[0] = -16, -212, 21, -61
41,3, 0,0, 6
Clsn2: 1
  Clsn2[0] = -16, -212, 21, -61
41,4, 0,0, -1


;
[Begin Action 42]
Clsn2: 1
  Clsn2[0] = -16, -212, 21, -61
41,1, 0,0, 10
Clsn2: 1
  Clsn2[0] = -16, -212, 21, -61
41,2, 0,0, 8
Clsn2: 1
  Clsn2[0] = -16, -212, 21, -61
41,3, 0,0, 6
Clsn2: 1
  Clsn2[0] = -16, -212, 21, -61
41,4, 0,0, -1


;
[Begin Action 43]
Clsn2: 1
  Clsn2[0] = -16, -212, 21, -61
41,1, 0,0, 10
Clsn2: 1
  Clsn2[0] = -16, -212, 21, -61
41,2, 0,0, 8
Clsn2: 1
  Clsn2[0] = -16, -212, 21, -61
41,3, 0,0, 6
Clsn2: 1
  Clsn2[0] = -16, -212, 21, -61
41,4, 0,0, -1


;
[Begin Action 6]
Clsn2: 1
  Clsn2[0] = -18, -148, 23, 0
6,0, 0,0, 2
Clsn2: 1
  Clsn2[0] = -23, -148, 18, 0
6,1, 0,0, 3


;0
[Begin Action 10]
Clsn2: 1
  Clsn2[0] = -16, -145, 23, 0
10,0, 0,0, 1
Clsn2: 1
  Clsn2[0] = -16, -145, 23, 0
10,1, 0,0, 1


;0
[Begin Action 11]
Clsn2: 1
  Clsn2[0] = -16, -145, 23, 0
11,0, 0,0, 1


;
[Begin Action 12]
Clsn2: 1
  Clsn2[0] = -16, -145, 23, 0
10,1, 0,0, 1
Clsn2: 1
  Clsn2[0] = -16, -145, 23, 0
10,1, 0,0, 1


;0
[Begin Action 47]
Clsn2: 1
  Clsn2[0] = -18, -179, 21, 0
41,5, 0,0, 3
Clsn2: 1
  Clsn2[0] = -18, -191, 21, 0
41,6, 0,0, 2


;0
[Begin Action 100]
Clsn2: 2
  Clsn2[0] = -19, -109, 18, 0
  Clsn2[1] = 10, -168, 46, -109
101,3, -20,0, 4
Clsn2: 3
  Clsn2[0] = -17, -79, 16, 0
  Clsn2[1] = 16, -96, 41, -51
  Clsn2[2] = 41, -115, 69, -81
Loopstart
101,0, -40,0, 4
Clsn2: 3
  Clsn2[0] = -17, -79, 16, 0
  Clsn2[1] = 16, -96, 41, -51
  Clsn2[2] = 41, -115, 69, -81
101,1, -40,0, 4
Clsn2: 3
  Clsn2[0] = -17, -79, 16, 0
  Clsn2[1] = 16, -96, 41, -51
  Clsn2[2] = 41, -115, 69, -81
101,2, -40,0, 4


;
[Begin Action 101]
Clsn2: 2
  Clsn2[0] = -19, -109, 18, 0
  Clsn2[1] = 10, -168, 46, -109
101,3, -20,0, 4
Clsn2: 1
  Clsn2[0] = -25, -203, 18, 0
101,4, 0,0, 2
Clsn2: 1
  Clsn2[0] = -22, -203, 18, 0
101,5, 0,0, 2
Clsn2: 1
  Clsn2[0] = -22, -203, 18, 0
101,6, 0,0, 2


;
[Begin Action 105]
Clsn2: 1
  Clsn2[0] = -21, -202, 18, -66
105,0, 0,0, 4
Clsn2: 1
  Clsn2[0] = -21, -202, 18, -66
Loopstart
105,1, 0,0, 4
Clsn2: 1
  Clsn2[0] = -21, -202, 18, -66
105,2, 0,0, 4


;0
[Begin Action 170]
Clsn2: 2
  Clsn2[0] = -20, -138, 19, 0
  Clsn2[1] = 19, -179, 46, -75
5300,0, 0,0, 4
Clsn2: 2
  Clsn2[0] = -20, -138, 19, 0
  Clsn2[1] = 19, -168, 47, -75
5300,1, 0,0, 6
Clsn2: 1
  Clsn2[0] = -24, -124, 29, 0
5300,2, 0,0, -1


;0
[Begin Action 180]
190,1, 0,0, 5
190,2, 0,0, 5
190,3, 0,0, 5
190,4, 0,0, -1


;0
[Begin Action 181]
190,3, 0,0, 5
190,2, 0,0, 5
101,3, 0,0, 3
Loopstart
100,0, 0,0, 5
100,1, 0,0, 5


;0
[Begin Action 190]
1710,4, 0,0, 50
1720,0, 0,0, 4
1720,1, 0,0, 4
1720,2, 0,0, 4
1720,3, 0,0, 4
1720,4, 0,0, 4
190,0, 0,0, 5
190,1, 0,0, 5
190,2, 0,0, 5
190,3, 0,0, 5
190,4, 0,0, 5
190,3, 0,0, 5
1,0, 0,0, 5
1,1, 0,0, 5
1,2, 0,0, 1


;0
[Begin Action 191]
1700,4, 0,0, 100
1700,3, 0,0, 5
1700,2, 0,0, 5
1700,1, 0,0, 5
1700,0, 0,0, 5


;
[Begin Action 192]
191,0, 0,0, 180
191,1, 0,0, 10
191,2, 0,0, 10
191,3, 0,0, 6
191,4, 0,0, 6
0,0, 0,0, 60


;0
[Begin Action 10191]
10191,3, 76,0, 200
10191,4, 76,0, 60
10191,5, 76,0, 6
Loopstart
10191,6, 76,0, 10
10191,7, 76,0, 10


;0
[Begin Action 195]
Clsn2: 1
  Clsn2[0] = -18, -209, 20, 0
0,3, 0,0, 4
Clsn2: 1
  Clsn2[0] = -18, -209, 20, 0
1,0, 0,0, 6
Clsn2: 1
  Clsn2[0] = -18, -209, 20, 0
1,1, 0,0, 8
Clsn2: 1
  Clsn2[0] = -18, -209, 20, 0
1,2, 0,0, 20


; Stand/Air Hit high (light)
[Begin Action 5000]
Clsn2: 1
  Clsn2[0] = -18, -195, 21, 0
5000,0, 0,0, 4
Clsn2: 1
  Clsn2[0] = -18, -195, 21, 0
5000,10, 0,0, 4


; Stand/Air Hit high (medium)
[Begin Action 5001]
Clsn2Default: 1
  Clsn2[0] = -18, -195, 21, 0
5000,10, 0,0, 5
5000,10, 0,0, 5


; Stand/Air Hit high (hard)
[Begin Action 5002]
Clsn2Default: 1
  Clsn2[0] = -18, -195, 21, 0
5000,10, 0,0, 5
5000,20, 0,0, 5


; Stand Recover high (light)
[Begin Action 5005]
Clsn2Default: 1
  Clsn2[0] = -18, -195, 21, 0
5000,10, 0,0, 3
5000,10, 0,0, 3
5000,0, 0,0, -1


; Stand Recover high (medium)
[Begin Action 5006]
Clsn2Default: 1
  Clsn2[0] = -18, -195, 21, 0
5000,20, 0,0, 3
5000,10, 0,0, 4
5000,10, 0,0, 4
5000,0, 0,0, -1


; Stand Recover high (hard)
[Begin Action 5007]
Clsn2Default: 1
  Clsn2[0] = -18, -195, 21, 0
5000,20, 0,0, 5
5000,10, 0,0, 4
5000,10, 0,0, 4
5000,0, 0,0, -1


; Stand/Air Hit low (light)
[Begin Action 5010]
Clsn2Default: 1
  Clsn2[0] = -18, -195, 21, 0
5010,0, 0,0, 5
5010,10, 0,0, 5


; Stand/Air Hit low (medium)
[Begin Action 5011]
Clsn2Default: 1
  Clsn2[0] = -18, -195, 21, 0
5010,10, 0,0, 5
5010,20, 0,0, 5
5010,0, 0,0, 5


; Stand/Air Hit low (hard)
[Begin Action 5012]
Clsn2Default: 1
  Clsn2[0] = -18, -195, 21, 0
5010,0, 0,0, 1
5010,10, 0,0, 5
5010,20, 0,0, 5
5010,20, 0,0, 5


; Stand Recover low (light)
[Begin Action 5015]
Clsn2Default: 1
  Clsn2[0] = -18, -195, 21, 0
5010,10, 0,0, 1
5010,0, 0,0, -1


; Stand Recover low (medium)
[Begin Action 5016]
Clsn2Default: 1
  Clsn2[0] = -18, -195, 21, 0
5010,20, 0,0, 1
5010,10, 0,0, 4
5010,0, 0,0, -1


; Stand Recover low (hard)
[Begin Action 5017]
Clsn2Default: 1
  Clsn2[0] = -18, -195, 21, 0
5010,20, 0,0, 1
5010,10, 0,0, -1


;
[Begin Action 5020]
Clsn2: 2
  Clsn2[0] = -19, -92, 19, 0
  Clsn2[1] = -33, -136, -1, -92
5020,0, 0,0, 1


;
[Begin Action 5021]
Clsn2: 2
  Clsn2[0] = -19, -92, 19, 0
  Clsn2[1] = -33, -136, -1, -92
5020,10, 0,0, 1


;
[Begin Action 5022]
Clsn2: 2
  Clsn2[0] = -19, -92, 19, 0
  Clsn2[1] = -45, -128, -1, -92
5020,20, 0,0, 1


;
[Begin Action 5025]
Clsn2: 2
  Clsn2[0] = -19, -92, 19, 0
  Clsn2[1] = -33, -136, -1, -92
5020,0, 0,0, 5
Clsn2: 2
  Clsn2[0] = -19, -100, 19, 0
  Clsn2[1] = -8, -144, 24, -100
5020,30, 0,0, -1


;
[Begin Action 5026]
Clsn2: 2
  Clsn2[0] = -19, -92, 19, 0
  Clsn2[1] = -33, -136, -1, -92
5020,10, 0,0, 5
Clsn2: 2
  Clsn2[0] = -19, -99, 19, 0
  Clsn2[1] = -9, -143, 23, -99
5020,30, 0,0, -1


;
[Begin Action 5027]
Clsn2: 2
  Clsn2[0] = -19, -92, 19, 0
  Clsn2[1] = -45, -129, -13, -85
5020,20, 0,0, 6
Clsn2: 2
  Clsn2[0] = -19, -92, 19, 0
  Clsn2[1] = -32, -136, 0, -92
5020,10, 0,0, 4
Clsn2: 2
  Clsn2[0] = -19, -99, 19, 0
  Clsn2[1] = -9, -143, 23, -99
5020,30, 0,0, -1


;
[Begin Action 5030]
Clsn2: 2
  Clsn2[0] = -14, -170, 16, -134
  Clsn2[1] = -29, -150, 16, -52
5030,0, 0,0, 1


;
[Begin Action 5035]
Clsn2: 2
  Clsn2[0] = -7, -150, 25, -51
  Clsn2[1] = -42, -195, -7, -89
5030,10, 0,0, 8


;
[Begin Action 5040]
Clsn2: 1
  Clsn2[0] = -16, -212, 21, -61
41,2, 0,0, 8
Clsn2: 1
  Clsn2[0] = -16, -212, 21, -61
41,3, 0,0, 6
Clsn2: 1
  Clsn2[0] = -16, -212, 21, -61
41,4, 0,0, -1


;
[Begin Action 5050]
Clsn2: 1
  Clsn2[0] = -76, -129, 74, -90
5030,20, 0,0, 10
Clsn2: 3
  Clsn2[0] = -62, -102, -22, -52
  Clsn2[1] = -23, -131, 7, -71
  Clsn2[2] = 7, -158, 34, -99
5030,30, 0,0, -1


;
[Begin Action 5051]
Clsn2: 1
  Clsn2[0] = -20, -196, 20, 0
5000,0, 0,0, 1
Clsn2: 1
  Clsn2[0] = -20, -218, 20, -22
5060,0, 0,0, -1


; Air Fall (up-type, coming down)
[Begin Action 5061]
Clsn2: 2
  Clsn2[0] = -41, -132, 0, -29
  Clsn2[1] = -33, -157, -5, -117
5030,0, 0,0, 5
Clsn2: 1
  Clsn2[0] = -75, -127, 80, -89
5030,20, 0,0, 8
Clsn2: 3
  Clsn2[0] = -61, -102, -22, -52
  Clsn2[1] = -22, -129, 6, -73
  Clsn2[2] = 5, -160, 35, -99
5030,30, 0,0, 4
Clsn2: 2
  Clsn2[0] = -35, -155, 1, -39
  Clsn2[1] = -19, -65, 21, -8
5035,0, 0,0, -1


;
[Begin Action 5070]
Clsn2: 1
  Clsn2[0] = -25, -170, 18, 0
5010,20, 0,0, 1
Clsn2: 2
  Clsn2[0] = -41, -195, -5, -80
  Clsn2[1] = -5, -150, 29, -57
5030,10, 0,0, 8
Clsn2: 2
  Clsn2[0] = -63, -133, -31, -85
  Clsn2[1] = -31, -119, 37, -62
5030,40, 0,0, -1


;
[Begin Action 5080]
Clsn2: 1
  Clsn2[0] = -62, -68, 43, 0
5040,20, 0,0, 1
Clsn2: 1
  Clsn2[0] = -62, -68, 43, 0
5040,1, 0,0, 6
Clsn2: 1
  Clsn2[0] = -81, -31, 73, 0
5040,10, 0,0, -1


;
[Begin Action 5090]
Clsn2: 1
  Clsn2[0] = -79, -34, 68, 0
5040,0, 0,0, 10
Clsn2: 2
  Clsn2[0] = -79, -49, 0, 0
  Clsn2[1] = -18, -113, 37, -49
5030,30, -15,50, -1


;
[Begin Action 5100]
Clsn2: 1
  Clsn2[0] = -82, -31, 65, 0
5040,0, 0,0, 5


;
[Begin Action 5160]
Clsn2: 3
  Clsn2[0] = -64, -79, -17, -29
  Clsn2[1] = -17, -119, 19, -52
  Clsn2[2] = 19, -142, 42, -81
5030,30, 0,20, -1


;
[Begin Action 5170]
Clsn2: 1
  Clsn2[0] = -58, -67, 29, 0
5040,20, 0,0, 5


;
[Begin Action 5101]
Clsn2: 1
  Clsn2[0] = -64, -65, 44, 0
5040,1, 0,0, 3
Clsn2: 1
  Clsn2[0] = -79, -30, 65, 0
5040,0, 0,0, 5


;
[Begin Action 5110]
Clsn2: 1
  Clsn2[0] = -79, -32, 72, 0
5040,10, 0,0, 1


;0
[Begin Action 5120]
Clsn2: 1
  Clsn2[0] = -54, -46, 46, 0
5120,0, 0,0, 5
Clsn2: 1
  Clsn2[0] = -22, -104, 24, 0
5120,1, 0,0, 2
Clsn2: 1
  Clsn2[0] = -22, -104, 24, 0
5120,2, 0,0, 2
Clsn2: 1
  Clsn2[0] = -22, -104, 24, 0
5120,3, 0,0, 2
Clsn2: 1
  Clsn2[0] = -22, -169, 23, 0
5120,4, 0,0, 2
Clsn2: 1
  Clsn2[0] = -22, -169, 23, 0
5120,5, 0,0, 2


;
[Begin Action 5150]
Clsn2: 1
  Clsn2[0] = -81, -31, 73, 0
5040,10, 0,0, 1


;
[Begin Action 5200]
Clsn2: 1
  Clsn2[0] = -16, -212, 21, -61
41,1, 0,0, 10
Clsn2: 1
  Clsn2[0] = -16, -212, 21, -61
41,2, 0,0, 8
Clsn2: 1
  Clsn2[0] = -16, -212, 21, -61
41,3, 0,0, 6
Clsn2: 1
  Clsn2[0] = -16, -212, 21, -61
41,4, 0,0, -1


;0
[Begin Action 5210]
Clsn2: 1
  Clsn2[0] = -16, -212, 21, -61
41,1, 0,0, 10
Clsn2: 1
  Clsn2[0] = -16, -212, 21, -61
41,2, 0,0, 8
Clsn2: 1
  Clsn2[0] = -16, -212, 21, -61
41,3, 0,0, 6
Clsn2: 1
  Clsn2[0] = -16, -212, 21, -61
41,4, 0,0, -1


;0
[Begin Action 5300]
Clsn2: 1
  Clsn2[0] = -20, -172, 24, 0
5300,0, 0,0, 8
Clsn2: 1
  Clsn2[0] = -20, -172, 24, 0
5300,1, 0,0, 8
Clsn2: 1
  Clsn2[0] = -20, -172, 24, 0
5300,2, 0,0, -1


;
[Begin Action 120]
Clsn2: 1
  Clsn2[0] = -16, -183, 21, 0
120,0, 0,0, 1


;
[Begin Action 130]
Clsn2: 1
  Clsn2[0] = -16, -183, 21, 0
120,0, 0,0, 1


;
[Begin Action 140]
Clsn2: 1
  Clsn2[0] = -16, -183, 21, 0
120,0, 0,0, 1


;
[Begin Action 150]
Clsn2: 1
  Clsn2[0] = -16, -183, 21, 0
120,0, 0,0, 1


;
[Begin Action 121]
Clsn2: 1
  Clsn2[0] = -21, -138, 19, 1
121,0, 0,0, 1


;
[Begin Action 131]
Clsn2: 1
  Clsn2[0] = -21, -138, 19, 1
121,0, 0,0, 1


;
[Begin Action 141]
Clsn2: 1
  Clsn2[0] = -21, -138, 19, 1
121,0, 0,0, 1


;
[Begin Action 151]
Clsn2: 1
  Clsn2[0] = -21, -138, 19, 1
121,0, 0,0, 1


;
[Begin Action 122]
Clsn2: 1
  Clsn2[0] = -21, -198, 19, -59
121,0, 0,-60, 1


;
[Begin Action 132]
Clsn2: 1
  Clsn2[0] = -21, -198, 19, -59
121,0, 0,-60, 1


;
[Begin Action 142]
Clsn2: 1
  Clsn2[0] = -21, -198, 19, -59
121,0, 0,-60, 1


;
[Begin Action 152]
Clsn2: 1
  Clsn2[0] = -21, -198, 19, -59
121,0, 0,-60, 1


;0
[Begin Action 200]
Clsn2: 1
  Clsn2[0] = -19, -214, 26, 0
200,0, 0,0, 2
Clsn1: 2
  Clsn1[0] = 26, -172, 118, -160
  Clsn1[1] = 26, -160, 61, -151
Clsn2: 2
  Clsn2[0] = -19, -214, 26, 0
  Clsn2[1] = 26, -195, 112, -151
200,1, 0,0, 4
Clsn2: 1
  Clsn2[0] = -19, -214, 26, 0
230,0, 0,0, 2


;0
[Begin Action 210]
Clsn2: 1
  Clsn2[0] = -17, -208, 27, -1
210,0, 0,0, 3
Clsn1: 1
  Clsn1[0] = -17, -167, 34, -85
Clsn2: 1
  Clsn2[0] = -17, -84, 33, -1
210,1, 0,0, 10
Clsn2: 1
  Clsn2[0] = -17, -189, 27, -1
210,2, 0,0, 2
Clsn1: 1
  Clsn1[0] = 27, -161, 81, -111
Clsn2: 2
  Clsn2[0] = -17, -189, 27, -1
  Clsn2[1] = 27, -141, 58, -98
210,3, 0,0, 2
Clsn1: 1
  Clsn1[0] = 32, -161, 86, -111
Clsn2: 2
  Clsn2[0] = -12, -189, 32, -1
  Clsn2[1] = 32, -141, 63, -98
210,3, 5,0, 2
Clsn1: 1
  Clsn1[0] = 27, -161, 81, -111
Clsn2: 2
  Clsn2[0] = -17, -189, 27, -1
  Clsn2[1] = 27, -141, 58, -98
210,3, 0,0, 2
Clsn2: 2
  Clsn2[0] = -14, -189, 30, -1
  Clsn2[1] = 30, -141, 61, -98
210,3, 3,0, 2
Clsn2: 2
  Clsn2[0] = -17, -189, 27, -1
  Clsn2[1] = 27, -141, 58, -98
210,3, 0,0, 2
Clsn2: 1
  Clsn2[0] = -17, -213, 27, -1
230,0, 0,0, 2


;
[Begin Action 215]
Clsn2: 1
  Clsn2[0] = -19, -203, 31, 0
215,0, 0,0, 2
Clsn2: 2
  Clsn2[0] = -19, -153, 53, 0
  Clsn2[1] = 15, -203, 63, -153
215,1, 0,0, 2
Clsn1: 2
  Clsn1[0] = 76, -161, 139, -132
  Clsn1[1] = 53, -150, 146, -103
Clsn2: 3
  Clsn2[0] = 76, -158, 133, -118
  Clsn2[1] = 27, -191, 76, -118
  Clsn2[2] = -19, -118, 53, 0
215,2, 0,0, 2
Clsn1: 2
  Clsn1[0] = 48, -156, 117, -125
  Clsn1[1] = 53, -150, 137, -103
Clsn2: 3
  Clsn2[0] = 76, -158, 133, -118
  Clsn2[1] = 27, -191, 76, -118
  Clsn2[2] = -19, -118, 53, 0
215,3, 0,0, 4
Clsn2: 2
  Clsn2[0] = -19, -118, 53, 0
  Clsn2[1] = 27, -191, 76, -118
215,4, 0,0, 6
Clsn2: 2
  Clsn2[0] = -19, -118, 53, 0
  Clsn2[1] = 17, -191, 66, -118
215,5, 0,0, 2
Clsn2: 1
  Clsn2[0] = -20, -197, 40, 0
215,6, 0,0, 2
Clsn2: 1
  Clsn2[0] = -20, -209, 30, 0
215,7, 0,0, 2


;0
[Begin Action 220]
Clsn2: 1
  Clsn2[0] = -21, -185, 27, 0
220,0, 0,0, 3
Clsn2: 1
  Clsn2[0] = -21, -185, 27, 0
220,1, 0,0, 2
Clsn2: 1
  Clsn2[0] = -21, -185, 27, 0
220,2, 0,0, 1
Clsn2: 2
  Clsn2[0] = -21, -113, 49, 0
  Clsn2[1] = 12, -190, 49, -113
220,3, 0,0, 2
Clsn1: 1
  Clsn1[0] = 44, -162, 106, -94
Clsn2: 2
  Clsn2[0] = -21, -113, 44, 0
  Clsn2[1] = 7, -190, 44, -113
220,4, 0,0, 2
Clsn1: 1
  Clsn1[0] = 44, -155, 95, -94
Clsn2: 2
  Clsn2[0] = -21, -113, 44, 0
  Clsn2[1] = 7, -190, 44, -113
220,4, 7,0, 1
Clsn1: 1
  Clsn1[0] = 44, -151, 92, -112
Clsn2: 2
  Clsn2[0] = -21, -113, 44, 0
  Clsn2[1] = 7, -190, 44, -113
220,4, 0,0, 2
Clsn1: 1
  Clsn1[0] = 44, -151, 92, -112
Clsn2: 2
  Clsn2[0] = -21, -113, 44, 0
  Clsn2[1] = 7, -190, 44, -113
220,4, 5,0, 1
Clsn2: 2
  Clsn2[0] = -21, -113, 44, 0
  Clsn2[1] = 7, -190, 44, -113
220,4, 0,0, 1
Clsn2: 2
  Clsn2[0] = -21, -113, 44, 0
  Clsn2[1] = 7, -190, 44, -113
220,4, 3,0, 1
Clsn2: 2
  Clsn2[0] = -21, -113, 35, 0
  Clsn2[1] = 2, -202, 35, -113
220,5, 0,0, 2


;
[Begin Action 230]
Clsn2: 1
  Clsn2[0] = -20, -215, 24, 0
230,0, 0,0, 1
Clsn2: 1
  Clsn2[0] = -6, -206, 38, 0
230,1, 0,0, 1
Clsn2: 1
  Clsn2[0] = -6, -206, 38, 0
230,2, 0,0, 1
Clsn1: 2
  Clsn1[0] = 38, -148, 166, -135
  Clsn1[1] = 38, -135, 81, -111
Clsn2: 2
  Clsn2[0] = -6, -206, 38, 0
  Clsn2[1] = 39, -148, 80, -112
230,3, 0,0, 2
Clsn2: 2
  Clsn2[0] = -6, -206, 38, 0
  Clsn2[1] = 38, -138, 62, -90
230,2, 0,0, 8
Clsn2: 1
  Clsn2[0] = -17, -213, 26, 0
230,5, 0,0, 2
Clsn2: 1
  Clsn2[0] = -17, -213, 26, 0
230,6, 0,0, 1


;0
[Begin Action 235]
Clsn2: 1
  Clsn2[0] = -12, -212, 22, -1
230,6, 0,0, 1
Clsn2: 2
  Clsn2[0] = -12, -132, 18, -1
  Clsn2[1] = 7, -207, 41, -95
235,0, 0,0, 2
Clsn2: 2
  Clsn2[0] = -8, -33, 18, -1
  Clsn2[1] = 13, -199, 55, -33
235,1, 0,0, 3
Clsn1: 2
  Clsn1[0] = 35, -32, 123, -1
  Clsn1[1] = 35, -79, 76, -32
Clsn2: 3
  Clsn2[0] = -8, -175, 34, -1
  Clsn2[1] = 34, -44, 113, -1
  Clsn2[2] = 34, -79, 75, -44
235,2, 0,0, 6
Clsn2: 2
  Clsn2[0] = -8, -33, 18, -1
  Clsn2[1] = 13, -199, 55, -33
235,1, 0,0, 2
Clsn2: 1
  Clsn2[0] = -6, -206, 41, 5
235,0, 0,0, 1


;
[Begin Action 240]
Clsn2: 1
  Clsn2[0] = -23, -214, 24, 0
240,0, 0,0, 2
Clsn1: 1
  Clsn1[0] = 25, -85, 118, 0
Clsn2: 3
  Clsn2[0] = -24, -102, 24, 0
  Clsn2[1] = -37, -181, -3, -102
  Clsn2[2] = 24, -102, 111, -42
240,1, 0,0, 6
Clsn2: 2
  Clsn2[0] = -24, -102, 24, 0
  Clsn2[1] = -37, -181, -3, -102
240,2, 0,0, 5
Clsn2: 2
  Clsn2[0] = -24, -102, 24, 0
  Clsn2[1] = -37, -181, -3, -102
240,3, 0,0, 4
Clsn2: 1
  Clsn2[0] = -24, -216, 18, 0
240,4, 0,0, 3
Clsn2: 1
  Clsn2[0] = -17, -212, 25, 0
230,5, 0,0, 2
Clsn2: 1
  Clsn2[0] = -17, -212, 25, 0
230,6, 0,0, 2


;
[Begin Action 245]
Clsn2: 2
  Clsn2[0] = -17, -144, 23, 0
  Clsn2[1] = 14, -191, 54, -61
245,0, 0,0, 1
Clsn2: 2
  Clsn2[0] = -17, -144, 23, 0
  Clsn2[1] = 14, -200, 54, -70
245,1, 0,0, 1
Clsn2: 1
  Clsn2[0] = -17, -186, 31, 0
245,2, 0,0, 1
Clsn2: 1
  Clsn2[0] = -24, -186, 24, 0
245,3, 0,0, 3
Clsn1: 1
  Clsn1[0] = 25, -185, 122, -122
Clsn2: 2
  Clsn2[0] = -24, -186, 24, 0
  Clsn2[1] = 24, -163, 106, -121
245,4, 0,0, 2
Clsn1: 1
  Clsn1[0] = 25, -185, 122, -146
Clsn2: 2
  Clsn2[0] = -24, -186, 24, 0
  Clsn2[1] = 24, -163, 106, -121
245,5, 0,0, 5
Clsn2: 2
  Clsn2[0] = -24, -186, 24, 0
  Clsn2[1] = 23, -147, 105, -105
245,6, 0,0, 3
Clsn2: 2
  Clsn2[0] = -24, -186, 24, 0
  Clsn2[1] = 24, -127, 106, -85
245,7, 0,0, 5
Clsn2: 1
  Clsn2[0] = -24, -186, 24, 0
245,8, 0,0, 4
Clsn2: 1
  Clsn2[0] = -20, -200, 24, 0
245,9, 0,0, 3
Clsn2: 1
  Clsn2[0] = -16, -212, 24, 0
230,6, 0,0, 2


;
[Begin Action 250]
Clsn2: 2
  Clsn2[0] = -20, -208, 21, 0
  Clsn2[1] = 21, -115, 48, -67
250,0, 0,0, 2
Clsn2: 2
  Clsn2[0] = -20, -208, 21, 0
  Clsn2[1] = 21, -140, 48, -92
250,1, 0,0, 2
Clsn1: 1
  Clsn1[0] = 21, -240, 76, -115
Clsn2: 1
  Clsn2[0] = -20, -208, 21, 0
250,2, 0,0, 4
Clsn2: 1
  Clsn2[0] = -20, -208, 21, 0
250,3, 0,0, 2
Clsn2: 1
  Clsn2[0] = -20, -208, 21, 0
250,4, 0,0, 2
Clsn2: 1
  Clsn2[0] = -20, -208, 21, 0
250,5, 0,0, 6


;0
[Begin Action 265]
Clsn2: 1
  Clsn2[0] = -23, -209, 23, 0
265,0, 0,0, 6
Clsn2: 1
  Clsn2[0] = -23, -209, 23, 0
265,1, 0,0, 2
Clsn1: 2
  Clsn1[0] = 14, -170, 133, -150
  Clsn1[1] = 14, -150, 92, -139
Clsn2: 4
  Clsn2[0] = -14, -179, 13, 0
  Clsn2[1] = -61, -190, -14, -137
  Clsn2[2] = 13, -150, 52, -121
  Clsn2[3] = 52, -161, 93, -138
265,2, 0,0, 8
Clsn2: 3
  Clsn2[0] = -14, -179, 13, 0
  Clsn2[1] = -52, -200, -14, -137
  Clsn2[2] = 13, -130, 52, -101
265,3, 0,0, 4
Clsn2: 1
  Clsn2[0] = -30, -208, 20, 0
265,4, 0,0, 4


;0
[Begin Action 270]
Clsn2: 1
  Clsn2[0] = 14, 0, 48, 0
270,0, 0,0, 2
Clsn2: 1
  Clsn2[0] = -20, -206, 27, 0
270,1, 0,0, 2
Clsn2: 1
  Clsn2[0] = -20, -206, 27, 0
270,2, 0,0, 8
Clsn2: 1
  Clsn2[0] = -16, -199, 27, 0
270,3, 0,0, 4
Clsn2: 1
  Clsn2[0] = -16, -199, 27, 0
270,4, 0,0, 10
Clsn2: 1
  Clsn2[0] = -16, -199, 27, 0
270,5, 0,0, 4
Clsn2: 1
  Clsn2[0] = -16, -199, 27, 0
270,4, 0,0, 12
Clsn2: 1
  Clsn2[0] = -16, -199, 27, 0
270,3, 0,0, 2
Clsn2: 1
  Clsn2[0] = -16, -199, 27, 0
270,2, 0,0, 6
Clsn2: 1
  Clsn2[0] = -16, -213, 27, 0
230,0, 0,0, 2


;
[Begin Action 275]
Clsn2: 1
  Clsn2[0] = -18, -122, 29, 0
275,0, 0,0, 2
Clsn1: 1
  Clsn1[0] = 6, -156, 84, -123
Clsn2: 1
  Clsn2[0] = -18, -122, 29, 0
275,1, 0,0, 6
Clsn2: 2
  Clsn2[0] = -18, -122, 29, 0
  Clsn2[1] = 8, -190, 47, -122
275,2, 0,0, 2
Clsn2: 2
  Clsn2[0] = -18, -145, 29, 0
  Clsn2[1] = 2, -187, 65, -145
275,3, 0,0, 2
Clsn1: 1
  Clsn1[0] = 30, -195, 85, -124
Clsn2: 2
  Clsn2[0] = -18, -145, 29, 0
  Clsn2[1] = 2, -187, 65, -145
275,4, 0,0, 4
Clsn2: 2
  Clsn2[0] = -18, -145, 29, 0
  Clsn2[1] = 2, -187, 65, -145
275,4, 0,0, 4
Clsn2: 2
  Clsn2[0] = -18, -145, 29, 0
  Clsn2[1] = 2, -194, 57, -145
275,5, 0,0, 4
Clsn2: 1
  Clsn2[0] = -14, -211, 24, 0
230,6, 0,0, 2


;0
[Begin Action 290]
Clsn2: 1
  Clsn2[0] = -16, -179, 22, 0
290,0, 0,0, 2
Clsn2: 2
  Clsn2[0] = -16, -87, 59, 0
  Clsn2[1] = 26, -147, 73, -87
290,1, 0,0, 2
Clsn2: 2
  Clsn2[0] = -16, -87, 73, 0
  Clsn2[1] = 26, -154, 73, -87
290,2, 0,0, 2
Clsn1: 1
  Clsn1[0] = 90, -120, 157, -106
Clsn2: 3
  Clsn2[0] = -16, -87, 73, 0
  Clsn2[1] = 43, -154, 90, -87
  Clsn2[2] = 90, -119, 144, -87
290,3, 0,0, 4
Clsn1: 1
  Clsn1[0] = 82, -176, 157, -106
Clsn2: 2
  Clsn2[0] = -16, -87, 73, 0
  Clsn2[1] = 43, -148, 82, -87
290,4, 0,0, 2
Clsn2: 2
  Clsn2[0] = -16, -87, 73, 0
  Clsn2[1] = 43, -155, 74, -87
290,5, 0,0, 4
Clsn2: 2
  Clsn2[0] = -16, -87, 73, 0
  Clsn2[1] = 43, -155, 74, -87
290,6, 0,0, 2
Clsn2: 2
  Clsn2[0] = -16, -87, 73, 0
  Clsn2[1] = 43, -155, 74, -87
290,7, 0,0, 4
Clsn2: 2
  Clsn2[0] = -16, -100, 68, 0
  Clsn2[1] = 36, -168, 67, -100
290,8, 0,0, 4
Clsn2: 2
  Clsn2[0] = -16, -107, 45, 0
  Clsn2[1] = 14, -175, 45, -107
290,9, 0,0, 4
Clsn2: 1
  Clsn2[0] = -19, -207, 26, 0
290,10, 1,0, 4


;0
[Begin Action 400]
Clsn2: 1
  Clsn2[0] = -16, -144, 23, 0
400,0, 0,0, 1
Clsn2: 1
  Clsn2[0] = -16, -144, 23, 0
400,1, 0,0, 2
Clsn1: 1
  Clsn1[0] = 51, -95, 132, -81
Clsn2: 2
  Clsn2[0] = -16, -140, 51, 0
  Clsn2[1] = 51, -104, 131, -76
400,2, 0,0, 3
Clsn2: 1
  Clsn2[0] = -16, -144, 23, 0
400,1, 0,0, 2


;
[Begin Action 430]
Clsn2: 1
  Clsn2[0] = -16, -145, 26, 1
400,0, 0,0, 1
Clsn2: 1
  Clsn2[0] = -16, -145, 26, 1
410,0, 0,0, 2
Clsn2: 2
  Clsn2[0] = -28, -146, 19, -43
  Clsn2[1] = -28, -44, 0, -2
410,1, 0,0, 3
Clsn1: 1
  Clsn1[0] = 15, -20, 125, 0
Clsn2: 3
  Clsn2[0] = -30, -139, 14, 0
  Clsn2[1] = 14, -41, 76, 0
  Clsn2[2] = 76, -26, 119, 0
410,2, 0,0, 4
410,3, 0,0, 5


;0
[Begin Action 410]
Clsn2: 1
  Clsn2[0] = -18, -143, 24, 0
400,0, 0,0, 1
Clsn2: 2
  Clsn2[0] = -18, -104, 35, 0
  Clsn2[1] = 11, -188, 59, -104
295,0, 0,0, 2
Clsn2: 2
  Clsn2[0] = -18, -104, 35, 0
  Clsn2[1] = 11, -172, 70, -104
295,1, 0,0, 1
Clsn2: 2
  Clsn2[0] = -18, -104, 35, 0
  Clsn2[1] = 11, -172, 70, -104
295,2, 0,0, 2
Clsn2: 2
  Clsn2[0] = -18, -104, 63, 0
  Clsn2[1] = 19, -192, 63, -104
295,3, 0,0, 1
Clsn1: 2
  Clsn1[0] = 46, -269, 89, -134
  Clsn1[1] = 2, -269, 46, -204
Clsn2: 2
  Clsn2[0] = -18, -104, 45, 0
  Clsn2[1] = 2, -236, 46, -104
295,4, 0,0, 2
Clsn1: 2
  Clsn1[0] = 46, -244, 89, -160
  Clsn1[1] = 24, -244, 46, -200
Clsn2: 2
  Clsn2[0] = -18, -104, 45, 0
  Clsn2[1] = 2, -236, 46, -104
295,5, 0,0, 2
Clsn2: 2
  Clsn2[0] = -18, -104, 45, 0
  Clsn2[1] = 2, -201, 46, -104
295,5, 0,0, 6
Clsn2: 2
  Clsn2[0] = -18, -104, 45, 0
  Clsn2[1] = 2, -201, 46, -104
295,6, 0,0, 4
Clsn2: 2
  Clsn2[0] = -18, -104, 45, 0
  Clsn2[1] = 2, -201, 46, -104
295,7, 0,0, 4
Clsn2: 2
  Clsn2[0] = 2, -194, 46, -104
  Clsn2[1] = -18, -104, 45, 0
10,0, 0,0, 2
Clsn2: 2
  Clsn2[0] = 1, -182, 45, -105
  Clsn2[1] = -18, -104, 45, 0
10,1, 0,0, 2


;
[Begin Action 440]
Clsn2: 1
  Clsn2[0] = -18, -147, 27, 0
400,0, 0,0, 1
Clsn2: 1
  Clsn2[0] = -18, -73, 27, 0
255,1, 0,0, 3
Clsn1: 2
  Clsn1[0] = 29, -213, 110, -144
  Clsn1[1] = 7, -158, 29, -125
Clsn2: 2
  Clsn2[0] = -74, -126, -18, -74
  Clsn2[1] = -18, -159, 29, 0
255,2, 2,0, 2
Clsn1: 2
  Clsn1[0] = 29, -206, 106, -144
  Clsn1[1] = 7, -158, 29, -125
Clsn2: 2
  Clsn2[0] = -74, -126, -18, -74
  Clsn2[1] = -18, -159, 29, 0
255,2, 0,0, 2
Clsn1: 2
  Clsn1[0] = 29, -206, 103, -144
  Clsn1[1] = 7, -158, 29, -125
Clsn2: 2
  Clsn2[0] = -74, -126, -18, -74
  Clsn2[1] = -18, -159, 29, 0
255,2, 2,0, 2
Clsn2: 2
  Clsn2[0] = -18, -159, 29, 0
  Clsn2[1] = -74, -126, -18, -74
255,2, 0,0, 2
Clsn2: 2
  Clsn2[0] = -25, -154, 26, 0
  Clsn2[1] = -62, -159, -24, -103
255,3, 0,0, 6
Clsn2: 2
  Clsn2[0] = -25, -154, 26, 0
  Clsn2[1] = -54, -154, -25, -103
255,1, 0,0, 4


;
[Begin Action 600]
Clsn2: 1
  Clsn2[0] = -16, -208, 46, -104
620,0, 0,0, 4
Clsn1: 1
  Clsn1[0] = 32, -94, 122, -73
Clsn2: 3
  Clsn2[0] = -16, -193, 32, -104
  Clsn2[1] = 32, -114, 73, -86
  Clsn2[2] = 73, -93, 117, -74
620,1, 0,0, 2
Clsn1: 1
  Clsn1[0] = 32, -94, 122, -73
Clsn2: 3
  Clsn2[0] = -16, -193, 32, -104
  Clsn2[1] = 32, -114, 73, -86
  Clsn2[2] = 73, -93, 117, -74
620,2, 0,0, 2
Clsn1: 1
  Clsn1[0] = 32, -94, 122, -73
Clsn2: 3
  Clsn2[0] = -16, -193, 32, -104
  Clsn2[1] = 32, -114, 73, -86
  Clsn2[2] = 73, -93, 117, -74
620,1, 0,0, 2
Clsn1: 1
  Clsn1[0] = 14, -97, 125, -69
Clsn2: 3
  Clsn2[0] = 73, -93, 117, -74
  Clsn2[1] = 32, -114, 73, -86
  Clsn2[2] = -16, -193, 32, -104
620,2, 0,0, 2
Clsn2: 1
  Clsn2[0] = -13, -208, 45, -100
620,0, 0,0, 4
Clsn2: 1
  Clsn2[0] = -13, -212, 34, -100
610,0, 0,0, 2
Clsn1: 2
  Clsn1[0] = -23, -108, 53, -73
  Clsn1[1] = 34, -89, 152, -61
Clsn2: 3
  Clsn2[0] = 96, -94, 140, -79
  Clsn2[1] = 34, -113, 96, -90
  Clsn2[2] = -13, -212, 34, -100
610,1, 0,0, 6


;
[Begin Action 630]
Clsn2: 1
  Clsn2[0] = -10, -209, 44, -102
620,0, 0,0, 2
Clsn2: 1
  Clsn2[0] = -10, -209, 44, -102
640,0, 0,0, 3
Clsn1: 2
  Clsn1[0] = 26, -123, 89, -83
  Clsn1[1] = 66, -97, 126, -59
Clsn2: 3
  Clsn2[0] = 65, -98, 100, -81
  Clsn2[1] = 30, -116, 65, -88
  Clsn2[2] = -19, -204, 30, -102
Loopstart
630,0, 0,0, 2
Clsn1: 2
  Clsn1[0] = 34, -123, 98, -75
  Clsn1[1] = 75, -87, 135, -49
Clsn2: 3
  Clsn2[0] = 65, -98, 100, -81
  Clsn2[1] = 30, -116, 65, -88
  Clsn2[2] = -19, -204, 30, -102
630,1, 0,0, 3


;0
[Begin Action 610]
Clsn2: 1
  Clsn2[0] = -15, -204, 26, -70
660,0, 0,0, 4
Clsn2: 1
  Clsn2[0] = -15, -204, 26, -70
660,1, 0,0, 6
Clsn1: 1
  Clsn1[0] = 27, -189, 121, -139
Clsn2: 2
  Clsn2[0] = 26, -204, 97, -162
  Clsn2[1] = -15, -204, 26, -70
660,2, 0,0, 4
Clsn2: 2
  Clsn2[0] = -15, -204, 26, -70
  Clsn2[1] = 26, -184, 75, -153
660,3, 0,0, 6
Clsn2: 1
  Clsn2[0] = -16, -212, 21, -61
41,1, 0,0, 10
Clsn2: 1
  Clsn2[0] = -16, -212, 21, -61
41,2, 0,0, 8
Clsn2: 1
  Clsn2[0] = -16, -212, 21, -61
41,3, 0,0, 6
Clsn2: 1
  Clsn2[0] = -16, -212, 21, -61
41,4, 0,0, -1


;0
[Begin Action 640]
Clsn2: 1
  Clsn2[0] = -19, -207, 26, -86
650,0, 0,0, 2
Clsn2: 1
  Clsn2[0] = -19, -207, 26, -86
650,1, 0,0, 6
Clsn1: 3
  Clsn1[0] = 37, -116, 95, -58
  Clsn1[1] = 38, -73, 127, -13
  Clsn1[2] = -19, -86, 38, -66
Clsn2: 4
  Clsn2[0] = -19, -140, 38, -86
  Clsn2[1] = -40, -200, -2, -140
  Clsn2[2] = 38, -108, 77, -74
  Clsn2[3] = 78, -84, 102, -51
650,2, 0,0, 12
Clsn2: 1
  Clsn2[0] = -16, -212, 21, -61
41,3, 0,0, 6
Clsn2: 1
  Clsn2[0] = -16, -212, 21, -61
41,4, 0,0, -1


; 0
[Begin Action 700]
Clsn2Default: 1
  Clsn2[0] = -22, -160, 48, 1
101,3, 0,0, 5
101,0, 0,0, 2
101,1, 0,0, 2
101,2, 0,0, 2
101,0, 0,0, 2
101,1, 0,0, 2
101,2, 0,0, 2
101,0, 0,0, 2
101,1, 0,0, 2
101,2, 0,0, 2
101,4, 0,0, 2
101,5, 0,0, 2
101,6, 0,0, 2


; 回り込み
[Begin Action 705]
Clsn2Default: 1
  Clsn2[0] = -9, -193, 44, -3
10,0, 0,0, 5
105,0, 0,0, 3
105,1, 0,0, 3
105,2, 0,0, 3
105,0, 0,0, 3
105,1, 0,0, 3
105,2, 0,0, 3
5010,0, 0,0, 5


;
[Begin Action 650]
Clsn2: 1
  Clsn2[0] = -18, -215, 31, -85
600,0, 0,0, 4
Clsn1: 2
  Clsn1[0] = 51, -112, 84, -12
  Clsn1[1] = 23, -133, 51, -63
Clsn2: 2
  Clsn2[0] = -18, -208, 50, -111
  Clsn2[1] = 30, -111, 49, -63
600,1, 0,0, 2
Clsn1: 2
  Clsn1[0] = 51, -112, 84, -12
  Clsn1[1] = 23, -133, 51, -63
Clsn2: 2
  Clsn2[0] = -18, -208, 50, -111
  Clsn2[1] = 30, -111, 49, -63
600,2, 0,0, 3
Clsn1: 2
  Clsn1[0] = 51, -112, 84, -12
  Clsn1[1] = 23, -133, 51, -63
Clsn2: 2
  Clsn2[0] = -18, -208, 50, -111
  Clsn2[1] = 30, -111, 49, -63
600,1, 0,0, 2
Clsn1: 2
  Clsn1[0] = 51, -112, 84, -12
  Clsn1[1] = 23, -133, 51, -63
Clsn2: 2
  Clsn2[0] = -18, -208, 50, -111
  Clsn2[1] = 30, -111, 49, -63
600,2, 0,0, 3
Clsn1: 2
  Clsn1[0] = 51, -112, 84, -12
  Clsn1[1] = 23, -133, 51, -63
Clsn2: 2
  Clsn2[0] = -18, -208, 50, -111
  Clsn2[1] = 30, -111, 49, -63
600,1, 0,0, 2
Clsn1: 2
  Clsn1[0] = 51, -112, 84, -12
  Clsn1[1] = 23, -133, 51, -63
Clsn2: 2
  Clsn2[0] = -18, -208, 50, -111
  Clsn2[1] = 30, -111, 49, -63
600,2, 0,0, 3
Clsn1: 2
  Clsn1[0] = 51, -112, 84, -12
  Clsn1[1] = 23, -133, 51, -63
Clsn2: 2
  Clsn2[0] = -18, -208, 50, -111
  Clsn2[1] = 30, -111, 49, -63
600,1, 0,0, 2
Clsn2: 1
  Clsn2[0] = -18, -208, 31, -89
600,3, 0,0, 3
Clsn2: 1
  Clsn2[0] = -20, -211, 27, -85
41,4, 0,0, -1


;0
[Begin Action 800]
Clsn1: 1
  Clsn1[0] = -7, -224, 64, 6
Clsn2: 1
  Clsn2[0] = -34, -222, 31, 2
200,0, 0,0, 3
Clsn2: 1
  Clsn2[0] = -34, -222, 31, 2
230,4, 0,0, 3
Clsn2: 1
  Clsn2[0] = -34, -222, 31, 2
230,5, 0,0, 3


;0
[Begin Action 810]
280,0, 0,0, 3
280,0, 0,0, 3
280,0, 0,0, 3
280,1, 0,0, 3
280,1, 0,0, 3
280,2, 0,0, 3
280,3, 0,0, 3
280,4, 0,0, 3
280,5, 0,0, 3
280,6, 0,0, 3
280,7, 0,0, 3
280,8, 0,0, 3
280,9, 0,0, 3
280,10, 0,0, 3
280,11, 0,0, 3


;0
[Begin Action 1850]
Clsn1: 1
  Clsn1[0] = -7, -224, 101, 6
Clsn2: 1
  Clsn2[0] = -34, -222, 31, 2
200,0, 0,0, 3
Clsn2: 1
  Clsn2[0] = -34, -222, 31, 2
230,4, 0,0, 3
Clsn2: 1
  Clsn2[0] = -34, -222, 31, 2
230,5, 0,0, 3


;
[Begin Action 1860]
260,0, 0,0, 2
260,1, 0,0, 3
260,2, 0,0, 2
260,3, 0,0, 3
260,4, 0,0, 15
Clsn1: 1
  Clsn1[0] = 20, -200, 130, 0
260,5, 0,0, 5
260,6, 0,0, 5


;
[Begin Action 850]
Clsn1: 1
  Clsn1[0] = -8, -210, 62, -9
Clsn2: 1
  Clsn2[0] = -18, -214, 38, -54
620,3, 0,0, 5
Clsn2: 1
  Clsn2[0] = -19, -214, 43, -62
620,0, 0,0, 10
Clsn2: 1
  Clsn2[0] = -15, -214, 39, -58
620,3, 0,0, 5
Clsn2: 1
  Clsn2[0] = -15, -214, 33, -9
41,4, 0,0, -1


;
[Begin Action 660]
620,3, 0,0, 5
620,0, 0,0, 10
640,0, 0,0, 2
640,1, 0,0, 8
Clsn1: 1
  Clsn1[0] = -25, -221, 93, -41
640,3, 0,0, 5
640,2, 0,0, 10
41,4, 0,0, -1


;0
[Begin Action 900]
Clsn2Default: 1
  Clsn2[0] = -33, -216, 39, 2
200,0, 0,0, 2
Clsn1: 1
  Clsn1[0] = -21, -207, 123, 2
900,0, 0,0, 13
900,0, 0,0, 4
200,0, 0,0, 3
200,0, 0,0, 3


;0
[Begin Action 910]
Clsn2Default: 1
  Clsn2[0] = -32, -129, 39, -1
400,1, 0,0, 1
Clsn1: 1
  Clsn1[0] = -15, -139, 111, -2
910,0, 0,0, 13
400,1, 0,0, 4
400,1, 0,0, 3
400,1, 0,0, 1
400,1, 0,0, 1


; 0
[Begin Action 1000]
Clsn2Default: 1
  Clsn2[0] = 3, -193, 52, -3
1000,0, 0,0, 3
1000,1, 0,0, 2
Clsn1: 1
  Clsn1[0] = 3, -222, 168, 4
1050,2, 0,0, 1
1050,3, 0,0, 1
1050,4, 0,0, 1
1050,5, 0,0, 1
Clsn1: 1
  Clsn1[0] = 34, -222, 165, 4
1050,6, 0,0, 1
1050,7, 0,0, 1
1050,8, 0,0, 1
Clsn1: 1
  Clsn1[0] = 34, -222, 165, 4
1050,9, 0,0, 1
1050,10, 0,0, 1
1050,11, 0,0, 1
Clsn1: 1
  Clsn1[0] = 34, -222, 165, 4
1050,12, 0,0, 1
1050,13, 0,0, 1
1050,14, 0,0, 1
Clsn1: 1
  Clsn1[0] = 34, -222, 165, 4
1050,15, 0,0, 1
1050,16, 0,0, 1
1050,17, 0,0, 1
Clsn1: 1
  Clsn1[0] = 34, -222, 165, 4
1050,18, 0,0, 1
1050,19, 0,0, 1
1050,20, 0,0, 1
Clsn1: 1
  Clsn1[0] = 34, -222, 165, 4
1050,21, 0,0, 1
1050,22, 0,0, 1
1050,23, 0,0, 1
Clsn1: 1
  Clsn1[0] = 34, -222, 165, 4
1050,24, 0,0, 1
1050,6, 0,0, 1
1050,2, 0,0, 1
Clsn1: 1
  Clsn1[0] = 34, -222, 165, 4
1050,3, 0,0, 1
1050,4, 0,0, 1
1050,5, 0,0, 1
Clsn1: 1
  Clsn1[0] = 34, -222, 165, 4
1050,6, 0,0, 1
1050,7, 0,0, 1
1050,8, 0,0, 1
Clsn1: 1
  Clsn1[0] = 34, -222, 165, 4
1050,9, 0,0, 1
1050,10, 0,0, 1
1050,11, 0,0, 1
Clsn1: 1
  Clsn1[0] = 34, -222, 165, 4
1050,12, 0,0, 1
1050,25, 0,0, 1
1050,13, 0,0, 1
215,1, 0,0, 2
Clsn1: 1
  Clsn1[0] = 34, -222, 165, 4
215,2, 0,0, 4
215,3, 0,0, 6
215,4, 0,0, 11
Clsn2: 2
  Clsn2[0] = -19, -118, 53, 0
  Clsn2[1] = 17, -191, 66, -118
215,5, 0,0, 2
Clsn2: 1
  Clsn2[0] = -20, -197, 40, 0
215,6, 0,0, 2
Clsn2: 1
  Clsn2[0] = -20, -209, 30, 0
215,7, 0,0, 2


;0
[Begin Action 1100]
Clsn2: 1
  Clsn2[0] = -11, -150, 49, -1
1100,0, 0,0, 2
Clsn2: 1
  Clsn2[0] = -11, -106, 49, -2
1100,1, 0,0, 3
Clsn1: 2
  Clsn1[0] = -14, -156, 15, -80
  Clsn1[1] = 15, -164, 143, 1
Clsn2: 1
  Clsn2[0] = -11, -138, 49, -2
1110,0, 0,0, 3
Clsn1: 2
  Clsn1[0] = 33, -216, 82, -197
  Clsn1[1] = 43, -198, 151, -11
Clsn2: 1
  Clsn2[0] = 12, -197, 73, -5
1110,1, 0,0, 3


;0
[Begin Action 1101]
Clsn2Default: 1
  Clsn2[0] = 11, -214, 67, -64
1110,2, 0,0, 1
1110,3, 0,0, 2
Clsn1: 1
  Clsn1[0] = -32, -314, 194, -84
1110,4, 0,0, 3
1110,5, 0,0, 1
1110,6, 0,0, 1
1110,7, 0,0, 1
1100,8, 0,0, 2
1110,8, 0,0, 2
1110,9, 0,0, 2
1110,10, 0,0, 2
Clsn1: 1
  Clsn1[0] = -26, -330, 109, -125
1110,11, 0,0, 2
Clsn1: 1
  Clsn1[0] = -26, -329, 107, -125
1110,12, 0,0, 2
Clsn2Default: 1
  Clsn2[0] = -11, -217, 45, -67
1110,13, 0,0, 1
1110,14, 0,0, 1
1110,15, 0,0, 1
1100,13, 0,0, 1
1100,14, 0,0, 4
1100,15, 0,0, 4


;0
[Begin Action 1150]
1100,0, 0,0, 4
1100,1, 0,0, 4
1110,0, 0,0, 4
1110,1, 0,0, 4
1110,2, 0,0, 4
1110,3, 0,0, 4
1110,4, 0,0, 4
1110,5, 0,0, 4
1110,6, 0,0, 4
1110,7, 0,0, 4
1100,8, 0,0, 4
1110,8, 0,0, 4
1110,9, 0,0, 4
1110,10, 0,0, 4
1110,11, 0,0, 4
1110,12, 0,0, 4
1110,13, 0,0, 4
1110,14, 0,0, 4
1110,15, 0,0, 4
1100,13, 0,0, 4
1100,14, 0,0, 4
1100,15, 0,0, 4


;0
[Begin Action 1300]
Clsn2Default: 1
  Clsn2[0] = -22, -189, 32, 2
1300,0, 0,0, 2
1300,1, 0,0, 2
1300,2, 0,0, 2
1300,3, 0,0, 3
Clsn1: 2
  Clsn1[0] = 73, -250, 143, -180
  Clsn1[1] = 42, -204, 112, -134
1300,4, 0,0, 3
Clsn1: 1
  Clsn1[0] = 20, -185, 154, -119
1300,5, 0,0, 5
1300,6, 0,0, 4
1300,7, 0,0, 4
1300,8, 0,0, 4
1300,9, 0,0, 4
1300,10, 0,0, 4


;
[Begin Action 1310]
Clsn2Default: 1
  Clsn2[0] = -22, -189, 32, 2
1300,0, 0,0, 2
1300,1, 0,0, 2
1300,2, 0,0, 2
1300,3, 0,0, 3
Clsn1: 2
  Clsn1[0] = 73, -250, 143, -180
  Clsn1[1] = 42, -204, 112, -134
1300,4, 0,0, 4
Clsn1: 1
  Clsn1[0] = 20, -185, 154, -119
1300,5, 0,0, 5
1300,6, 0,0, 4
1300,7, 0,0, 5
1300,8, 0,0, 5
1300,9, 0,0, 5
1300,10, 0,0, 5


;0
[Begin Action 1400]
1400,0, 0,0, 3
1400,1, 0,0, 3
1400,2, 0,0, -1


;0
[Begin Action 1410]
1600,2, 0,0, 6
1600,3, 0,0, 6
1600,4, 0,0, -1


;0
[Begin Action 1420]
Clsn2Default: 1
  Clsn2[0] = -25, -160, 45, -41
1600,5, 0,0, 6
1600,6, 0,0, 6
1600,7, 0,0, -1


;0
[Begin Action 1430]
Clsn2Default: 1
  Clsn2[0] = -23, -108, 47, -2
1600,3, 0,80, 2
1600,2, 0,80, 2
1600,0, 0,0, 4


;0
[Begin Action 1500]
Clsn2Default: 1
  Clsn2[0] = -41, -198, 52, -59
1500,0, 0,0, 3
1500,1, 0,0, 3
1500,2, 0,0, 2
1500,3, 0,0, -1


;
[Begin Action 1510]
Clsn2: 1
  Clsn2[0] = -32, -118, 35, 3
1600,0, 0,0, 6


;0
[Begin Action 1520]
1500,0, 0,0, 3
1500,1, 0,0, 3
1400,2, 0,0, -1


;0
[Begin Action 1530]
1600,2, 0,0, 3
1600,3, 0,0, 3
1600,4, 0,0, 2
1600,8, 0,0, -1


;0
[Begin Action 1600]
Clsn2: 1
  Clsn2[0] = -28, -118, 42, -5
1600,0, 0,0, 6
Clsn2: 1
  Clsn2[0] = -24, -206, 38, 0
1600,1, 0,0, -1


;0
[Begin Action 1800]
Clsn2Default: 1
  Clsn2[0] = -29, -217, 41, 7
200,0, 0,0, 5
1800,0, 0,0, 5
Clsn1: 1
  Clsn1[0] = -46, -196, 157, -9
1800,1, 0,0, 5
Clsn1: 1
  Clsn1[0] = -9, -184, 202, 2
1800,2, 0,0, 5
1800,3, 0,0, 5
Clsn1: 1
  Clsn1[0] = -156, -316, 161, 28
1800,4, 0,0, 15
10,1, 0,0, 5
10,0, 0,0, 5


; 
[Begin Action 1900]
Clsn2Default: 1
  Clsn2[0] = -16, -187, 54, 7
1900,0, 0,0, 3
1900,1, 0,0, 2
Clsn1: 1
  Clsn1[0] = 0, -128, 180, -8
1900,2, 0,0, 3
Clsn1: 1
  Clsn1[0] = 5, -280, 172, -132
1900,3, 0,0, 3
Clsn1: 1
  Clsn1[0] = 0, -320, 154, -176
1900,4, 0,0, 2
1900,5, 0,0, 2
1900,6, 0,0, 7
1900,7, 0,0, 2
1900,8, 0,0, 2
1900,9, 0,0, -1


; 
[Begin Action 1901]
Clsn2Default: 1
  Clsn2[0] = -16, -187, 54, 7
3100,1, 0,0, 3
1900,1, 0,0, 2
Clsn1: 1
  Clsn1[0] = 60, -128, 180, -8
1900,2, 0,0, 3
Clsn1: 1
  Clsn1[0] = 84, -280, 172, -132
1900,3, 0,0, 3
Clsn1: 1
  Clsn1[0] = 0, -320, 154, -176
1900,4, 0,0, 2
1900,5, 0,0, 2
1900,6, 0,0, 7
1900,7, 0,0, 2
1900,8, 0,0, 2
1900,9, 0,0, -1


; 
[Begin Action 1910]
Clsn2Default: 1
  Clsn2[0] = -16, -187, 54, 7
1900,0, 0,0, 3
1900,1, 0,0, 2
Clsn1: 1
  Clsn1[0] = 0, -128, 180, -8
1900,2, 0,0, 2
Clsn1: 1
  Clsn1[0] = 5, -280, 172, -132
1900,3, 0,0, 3
Clsn1: 1
  Clsn1[0] = 4, -320, 150, -176
1900,4, 0,0, 2
1900,5, 0,0, 2
1900,5, 0,0, 2
1900,5, 0,0, 2
1900,6, 0,0, 2
1900,6, 0,0, 2
1900,6, 0,0, 2
1900,6, 0,0, 2
1900,6, 0,0, 2
1900,7, 0,0, 2
1900,8, 0,0, 2
1900,9, 0,0, 2
1900,10, 0,0, 2
Clsn1: 1
  Clsn1[0] = 10, -212, 160, -76
1900,11, 0,0, 2
Clsn1: 1
  Clsn1[0] = 10, -312, 154, -142
1900,12, 0,0, 3
1900,13, 0,0, 2
1900,13, 0,0, 2
1900,13, 0,0, 2
1900,13, 0,0, 2
1900,14, 0,0, 3
1900,15, 0,0, 3
1900,16, 0,0, 3
Loopstart
1900,17, 0,0, 3
1900,17, 0,0, 3


; 
[Begin Action 1911]
Clsn2Default: 1
  Clsn2[0] = -16, -187, 54, 7
3100,1, 0,0, 3
1900,1, 0,0, 2
Clsn1: 1
  Clsn1[0] = 58, -128, 180, -8
1900,2, 0,0, 2
Clsn1: 1
  Clsn1[0] = 58, -280, 172, -132
1900,3, 0,0, 3
Clsn1: 1
  Clsn1[0] = 4, -320, 150, -176
1900,4, 0,0, 2
1900,5, 0,0, 2
1900,5, 0,0, 2
1900,5, 0,0, 2
1900,6, 0,0, 2
1900,6, 0,0, 2
1900,6, 0,0, 2
1900,6, 0,0, 2
1900,6, 0,0, 2
1900,7, 0,0, 2
1900,8, 0,0, 2
1900,9, 0,0, 2
1900,10, 0,0, 2
Clsn1: 1
  Clsn1[0] = 58, -212, 160, -76
1900,11, 0,0, 2
Clsn1: 1
  Clsn1[0] = 64, -312, 154, -142
1900,12, 0,0, 3
1900,13, 0,0, 2
1900,13, 0,0, 2
1900,13, 0,0, 2
1900,13, 0,0, 2
1900,14, 0,0, 3
1900,15, 0,0, 3
1900,16, 0,0, 3
Loopstart
1900,17, 0,0, 3
1900,17, 0,0, 3


; 白羅滅精
[Begin Action 2000]
Clsn2Default: 1
  Clsn2[0] = -30, -185, 39, -24
3100,0, 0,0, 4
3100,1, 0,0, 3
3100,1, 0,0, 3
3100,2, 0,0, 3
3100,3, 0,0, 3
3100,4, 0,0, 3
3100,5, 0,0, 3
3100,6, 0,0, 3
3100,7, 0,0, 3


; 白羅滅精
[Begin Action 3000]
210,0, 0,0, 3
210,1, 0,0, 3
210,2, 0,0, 3
3000,0, 0,0, 40
3000,1, 0,0, 3
3000,2, 0,0, 3
3000,3, 0,0, 3
3000,4, 0,0, 3
Clsn2Default: 1
  Clsn2[0] = -10, -57, 29, 6
Loopstart
3000,5, 0,0, 3
3000,6, 0,0, 3
3000,7, 0,0, 3
3000,8, 0,0, 3


;
[Begin Action 3001]
Clsn2Default: 1
  Clsn2[0] = -30, -104, 32, 2
3000,9, 0,0, 3
3000,10, 0,0, 3
3000,11, 0,0, 3
3000,12, 0,0, 3
3000,13, 0,0, 10
5120,3, 0,0, 3
5120,4, 0,0, 3
5120,5, 0,0, 3


; 白羅滅精
[Begin Action 3050]
Clsn2Default: 1
  Clsn2[0] = -11, -178, 34, -24
3100,0, 0,0, 3
3100,1, 0,0, 3
3100,1, 0,0, 3
3100,1, 0,0, 3
3100,1, 0,0, 3
3100,1, 0,0, 3
3100,1, 0,0, 3
3100,1, 0,0, 3
3100,1, 0,0, 3
3100,1, 0,0, 3
3100,2, 0,0, 3
3100,3, 0,0, 3
Loopstart
3100,4, 0,0, 3
3100,5, 0,0, 3
3100,6, 0,0, 3


; 
[Begin Action 3051]
Clsn2Default: 1
  Clsn2[0] = -12, -188, 44, -23
3100,7, 0,0, 5
3100,0, 0,0, 3


; 0
[Begin Action 4300]
Clsn2Default: 1
  Clsn2[0] = -25, -174, 47, 0
4300,0, 0,0, 34
4300,1, 0,0, 5
4300,2, 0,0, 5
4300,3, 0,0, 5
Clsn2Default: 1
  Clsn2[0] = 0, -195, 59, 2
Clsn1: 1
  Clsn1[0] = 0, -204, 170, -24
4300,4, 0,0, 5
4300,5, 0,0, 2
4300,6, 0,0, 2
4300,7, 0,0, 2
4300,8, 0,0, 2
4300,9, 0,0, 2
4300,10, 0,0, 4
4300,11, 0,0, 4
4300,10, 0,0, 4
4300,11, 0,0, 4
4300,10, 0,0, 4
4300,11, 0,0, 4
4300,10, 0,0, 4
4300,11, 0,0, 4
4300,9, 0,0, 4
4300,8, 0,0, 4
4300,7, 0,0, 4
4300,6, 0,0, 4
4300,5, 0,0, 4
4300,4, 0,0, 2
4300,3, 0,0, 2
4300,2, 0,0, 2
4300,1, 0,0, 2


;0
[Begin Action 4302]
Clsn2Default: 1
  Clsn2[0] = -13, -195, 39, 8
4300,12, 0,0, 34
4300,12, 0,0, 4
4300,13, 0,0, 4
4300,14, 0,0, 4
4300,15, 0,0, 4
4300,16, 0,0, 4
4300,17, 0,0, 4
4300,18, 0,0, 4
4300,19, 0,0, 24
4300,20, 0,0, 4
4300,17, 0,0, 4
4300,16, 0,0, 4
4300,15, 0,0, 4
230,5, 0,0, 4
230,0, 0,0, 4


; 
[Begin Action 4320]
4300,4, 0,0, 17
4300,5, 0,0, 3
4300,6, 0,0, 3
4300,7, 0,0, 3
4300,8, 0,0, 3
4300,9, 0,0, 3
4300,10, 0,0, 3
4300,11, 0,0, 3
4300,10, 0,0, 3
4300,11, 0,0, 3
4300,10, 0,0, 3
4300,11, 0,0, 3
4300,10, 0,0, 3
4300,11, 0,0, 3
4300,10, 0,0, 3
4300,11, 0,0, 3
4300,10, 0,0, 3
4300,11, 0,0, 3
4300,10, 0,0, 3
4300,11, 0,0, 3
4300,10, 0,0, 3
4300,9, 0,0, 3
4300,8, 0,0, 3
4300,6, 0,0, 3
4300,5, 0,0, 3
4300,4, 0,0, 3
4300,3, 0,0, 3
4300,2, 0,0, 2
4300,1, 0,0, 2
4300,0, 0,0, 30


; 
[Begin Action 4320]
4300,4, 0,0, 17
4300,5, 0,0, 3
4300,6, 0,0, 3
4300,7, 0,0, 3
4300,6, 0,0, 60
4300,5, 0,0, 3
4300,4, 0,0, 3
4300,3, 0,0, 3
4300,2, 0,0, 2
4300,1, 0,0, 2
4300,0, 0,0, 30


; バリアー
[Begin Action 352]
351,0, 0,0, 2,, AS175D170
351,1, 0,0, 2,, AS175D170
351,2, 0,0, 2,, AS175D170
351,3, 0,0, 2,, AS175D170
351,4, 0,0, 1,, AS175D170
351,5, 0,0, 1,, AS175D170
351,4, 0,0, 1,, AS175D170
351,5, 0,0, 1,, AS175D170
351,4, 0,0, 1,, AS175D170
351,5, 0,0, 1,, AS175D170
351,4, 0,0, 1,, AS175D170
351,3, 0,0, 1,, AS175D170
351,3, 0,0, 1,, AS175D170
351,2, 0,0, 3,, AS175D170
351,1, 0,0, 3,, AS175D170
351,0, 0,0, 3,, AS175D170


; 渦
[Begin Action 3110]
3501,0, 0,0, 1,, A
3501,1, 0,0, 1,, A
3501,2, 0,0, 1,, A
3501,3, 0,0, 1,, A
3501,4, 0,0, 1,, A
3501,4, 0,0, 1,, A
3501,5, 0,0, 1,, A
3501,6, 0,0, 1,, A
3501,7, 0,0, 1,, A
3501,8, 0,0, 1,, A


; 渦
[Begin Action 3510]
3101,0, 0,0, 1,, A
3101,1, 0,0, 1,, A
3101,2, 0,0, 1,, A
3101,3, 0,0, 1,, A
3101,4, 0,0, 1,, A
3101,5, 0,0, 1,, A
3101,6, 0,0, 1,, A
3101,7, 0,0, 1,, A
3101,8, 0,0, 1,, A


; 玉1
[Begin Action 3111]
3102,0, 0,240, 1,, AS120D155
3102,0, -6,224, 1,, AS120D155
3102,0, -12,208, 1,, AS120D155
3102,0, -18,192, 1,, AS120D155
3102,0, -22,176, 1,, AS120D155
3102,0, -26,160, 1,, AS120D155
3102,0, -29,144, 1,, AS120D155
3102,1, -30,128, 1,, AS120D155
3102,2, -30,112, 1,, AS120D155
3102,3, -29,96, 1,, AS120D155
3102,4, -26,80, 1,, AS120D155
3102,5, -22,64, 1,, AS120D155
3102,6, -18,48, 1,, AS120D155
3102,7, -12,32, 1,, AS120D155
3102,8, -6,16, 1,, AS120D155
3102,9, 0,0, 1,, AS120D155


; 玉2
[Begin Action 3112]
3102,0, -208,-120, 1,, AS120D155
3102,0, -191,-117, 1,, AS100D155
3102,0, -174,-115, 1,, AS100D155
3102,0, -157,-111, 1,, AS100D155
3102,0, -141,-107, 1,, AS100D155
3102,0, -126,-102, 1,, AS100D155
3102,0, -110,-97, 1,, AS100D155
3102,1, -96,-90, 1,, AS100D155
3102,2, -82,-82, 1,, AS100D155
3102,3, -69,-73, 1,, AS100D155
3102,4, -56,-62, 1,, AS100D155
3102,5, -44,-51, 1,, AS100D155
3102,6, -33,-39, 1,, AS100D155
3102,7, -22,-27, 1,, AS100D155
3102,8, -11,-13, 1,, AS100D155
3102,9, 0,0, 1,, AS100D155


; 玉3
[Begin Action 3113]
3102,0, 208,-120, 1,, AS150D155
3102,0, 197,-107, 1,, AS150D155
3102,0, 186,-93, 1,, AS150D155
3102,0, 175,-81, 1,, AS150D155
3102,0, 164,-69, 1,, AS150D155
3102,0, 152,-57, 1,, AS150D155
3102,0, 139,-47, 1,, AS150D155
3102,1, 126,-38, 1,, AS150D155
3102,2, 112,-30, 1,, AS150D155
3102,3, 97,-23, 1,, AS150D155
3102,4, 82,-17, 1,, AS150D155
3102,5, 67,-13, 1,, AS150D155
3102,6, 50,-9, 1,, AS150D155
3102,7, 34,-5, 1,, AS150D155
3102,8, 17,-3, 1,, AS150D155
3102,9, 0,0, 1,, AS150D155


; ブラックホール
[Begin Action 4212]
4012,0, 0,0, 1,, A
4012,1, 0,0, 1,, A
4012,2, 0,0, 1,, A
4012,3, 0,0, 1,, A
4012,4, 0,0, 1,, A
4012,5, 0,0, 1,, A
4012,6, 0,0, 1,, A
4012,7, 0,0, 1,, A
4012,8, 0,0, 1,, A
4012,9, 0,0, 1,, A
4012,10, 0,0, 1,, A
4012,11, 0,0, 1,, A
4012,12, 0,0, 1,, A
4012,13, 0,0, 1,, A
4012,14, 0,0, 1,, A
4012,15, 0,0, 1,, A
4012,16, 0,0, 1,, A
4012,17, 0,0, 1,, A
4012,18, 0,0, 1,, A
4012,19, 0,0, 1,, A
4012,10, 0,0, 1,, A
4012,11, 0,0, 1,, A
4012,12, 0,0, 1,, A
4012,13, 0,0, 1,, A
4012,14, 0,0, 1,, A
4012,15, 0,0, 1,, A
4012,16, 0,0, 1,, A
4012,17, 0,0, 1,, A
4012,18, 0,0, 1,, A
4012,19, 0,0, 1,, A
4012,10, 0,0, 1,, A
4012,11, 0,0, 1,, A
4012,12, 0,0, 1,, A
4012,13, 0,0, 1,, A
4012,14, 0,0, 1,, A
4012,15, 0,0, 1,, A
4012,16, 0,0, 1
4012,17, 0,0, 1
4012,18, 0,0, 1
4012,19, 0,0, 1
4012,10, 0,0, 1
4012,11, 0,0, 1
4012,12, 0,0, 1
4012,13, 0,0, 1
4012,14, 0,0, 1
4012,15, 0,0, 1
4012,16, 0,0, 1
4012,17, 0,0, 1
4012,18, 0,0, 1
4012,19, 0,0, 1
4012,14, 0,0, 1
4012,15, 0,0, 1
4012,16, 0,0, 1
4012,17, 0,0, 1
4012,18, 0,0, 1
4012,19, 0,0, 1
4012,20, 0,0, 1
4012,21, 0,0, 1
4012,22, 0,0, 1
4012,23, 0,0, 1
4012,24, 0,0, 1
4012,25, 0,0, 1
4012,26, 0,0, 1
4012,27, 0,0, 1
4012,28, 0,0, 1
4012,29, 0,0, 1
4012,30, 0,0, 1
4012,31, 0,0, 1
4012,32, 0,0, 1
4012,33, 0,0, 1
4012,34, 0,0, 1
4012,35, 0,0, 1
4012,36, 0,0, 3
4012,37, 0,0, 3
4012,38, 0,0, 3
4012,39, 0,0, 3
4012,40, 0,0, 3
4012,41, 0,0, 3
4012,42, 0,0, 3
4012,43, 0,0, 3
4012,44, 0,0, 66


;0
[Begin Action 4213]
4012,44, 0,0, 162


; テュホンレイジ_エフェクトＸ
[Begin Action 7205]
Clsn1Default: 1
  Clsn1[0] = 0, -47, 46, 0
Clsn2Default: 1
  Clsn2[0] = 0, -47, 46, 0
7200,0, 0,0, 1,, A
7200,1, 0,0, 1,, A
Clsn1Default: 1
  Clsn1[0] = 19, -83, 75, 0
Clsn2Default: 1
  Clsn2[0] = 19, -83, 75, 0
7200,2, 0,0, 1,, A
7200,3, 0,0, 1,, A
Clsn1Default: 1
  Clsn1[0] = 36, -100, 95, 0
Clsn2Default: 1
  Clsn2[0] = 36, -100, 95, 0
7200,4, 0,0, 1,, A
7200,5, 0,0, 1,, A
Clsn1Default: 1
  Clsn1[0] = 45, -100, 103, 0
Clsn2Default: 1
  Clsn2[0] = 45, -100, 103, 0
7200,6, 0,0, 1,, A
7200,7, 0,0, 1,, A
Clsn1Default: 1
  Clsn1[0] = 61, -110, 110, 0
Clsn2Default: 1
  Clsn2[0] = 61, -110, 110, 0
7200,8, 0,0, 1,, A
7200,9, 0,0, 1,, A
Clsn1: 1
  Clsn1[0] = 61, -113, 114, 0
Clsn2: 1
  Clsn2[0] = 61, -113, 114, 0
7200,10, 0,0, 1,, A
Clsn1Default: 1
  Clsn1[0] = 61, -113, 116, 0
Clsn2Default: 1
  Clsn2[0] = 61, -113, 116, 0
7200,8, 0,0, 1,, A
7200,9, 0,0, 1,, A
Clsn1Default: 1
  Clsn1[0] = 0, 0, 0, 0
Clsn2Default: 1
  Clsn2[0] = 0, 0, 0, 0
7200,10, 0,0, 1,, A
7200,11, 0,0, 1,, A
7200,12, 0,0, 1,, A


; 砂埃エフェクト
[Begin Action 7210]
7210,0, 0,0, 2,, A
7210,1, 0,0, 2,, A
7210,2, 0,0, 2,, A
7210,3, 0,0, 2,, A
7210,4, 0,0, 2,, A
7210,5, 0,0, 2,, A
7210,6, 0,0, 2,, A
7210,7, 0,0, 2,, A
7210,8, 0,0, 2,, A
7210,9, 0,0, 2,, A
7210,10, 0,0, 2,, A
7210,11, 0,0, 2,, A
7210,12, 0,0, 2,, A
7210,13, 0,0, 2,, A
7210,14, 0,0, 2,, A
7210,15, 0,0, 2,, A
7210,16, 0,0, 2,, A
7210,17, 0,0, 2,, A
7210,18, 0,0, 2,, A
7210,19, 0,0, 2,, A


; テュホンレイジ_エフェクトＹ
[Begin Action 7200]
7200,0, 0,0, 1,, A
7200,1, 0,0, 1,, A
7200,2, 0,0, 1,, A
Clsn1Default: 3
  Clsn1[0] = 101, -244, 189, -140
  Clsn1[1] = 52, -188, 156, -48
  Clsn1[2] = 10, -92, 102, 0
Clsn2Default: 3
  Clsn2[0] = 101, -244, 189, -140
  Clsn2[1] = 52, -188, 156, -48
  Clsn2[2] = 10, -92, 102, 0
7200,3, 0,0, 1,, A
7200,4, 0,0, 1,, A
7200,5, 0,0, 1,, A
7200,6, 0,0, 1,, A
7200,7, 0,0, 1,, A
7200,8, 0,0, 1,, A
7200,9, 0,0, 1,, A
7200,10, 0,0, 1,, A
7200,11, 0,0, 1,, A
7200,12, 0,0, 1,, A
7200,13, 0,0, 1,, A
7200,14, 0,0, 1,, A
7200,15, 0,0, 1,, A
7200,16, 0,0, 1,, A
7200,17, 0,0, 1,, A
7200,18, 0,0, 1,, A
7200,19, 0,0, 1,, A
7200,20, 0,0, 1,, A
7200,21, 0,0, 1,, A
7200,22, 0,0, 1,, A
7200,23, 0,0, 1,, A
7200,24, 0,0, 1,, A
7200,25, 0,0, 1,, A
7200,26, 0,0, 1,, A
7200,27, 0,0, 1,, A
7200,28, 0,0, 1,, A
7200,29, 0,0, 1,, A
7200,30, 0,0, 1,, A
7200,31, 0,0, 1,, A
7200,32, 0,0, 1,, A
7200,33, 0,0, 1,, A
7200,34, 0,0, 1,, A
7200,35, 0,0, 1,, A
7200,36, 0,0, 1,, A
7200,37, 0,0, 1,, A
7200,38, 0,0, 1,, A
7200,39, 0,0, 1,, A
7200,40, 0,0, 1,, A
7200,41, 0,0, 1,, A
7200,42, 0,0, 1,, A
7200,43, 0,0, 1,, A
7200,44, 0,0, 1,, A
7200,45, 0,0, 1,, A
7200,46, 0,0, 1,, A
7200,47, 0,0, 1,, A
7200,48, 0,0, 1,, A
Clsn1Default: 1
  Clsn1[0] = 0, 0, 0, 0
7200,49, 0,0, 1,, A
7200,50, 0,0, 1,, A
7200,51, 0,0, 1,, A
7200,52, 0,0, 1,, A
7200,53, 0,0, 1,, A
7200,54, 0,0, 1,, A


; テュホンレイジ_エフェクトＹ
[Begin Action 2261]
7200,0, 0,0, 1,, A
7200,1, 0,0, 1,, A
7200,2, 0,0, 1,, A
Clsn1Default: 3
  Clsn1[0] = 38, -170, 93, -115
  Clsn1[1] = 21, -116, 87, -46
  Clsn1[2] = 5, -46, 56, 0
Clsn2Default: 3
  Clsn2[0] = 38, -170, 93, -115
  Clsn2[1] = 21, -116, 87, -46
  Clsn2[2] = 5, -46, 56, 0
7200,3, 0,0, 1,, A
7200,4, 0,0, 1,, A
7200,5, 0,0, 1,, A
7200,6, 0,0, 1,, A
7200,7, 0,0, 1,, A
7200,8, 0,0, 1,, A
7200,9, 0,0, 1,, A
7200,10, 0,0, 1,, A
7200,11, 0,0, 1,, A
7200,12, 0,0, 1,, A
7200,13, 0,0, 1,, A
7200,14, 0,0, 1,, A
7200,15, 0,0, 1,, A
7200,16, 0,0, 1,, A
7200,17, 0,0, 1,, A
7200,18, 0,0, 1,, A
7200,19, 0,0, 1,, A
7200,20, 0,0, 1,, A
7200,21, 0,0, 1,, A
7200,22, 0,0, 1,, A
7200,23, 0,0, 1,, A
7200,24, 0,0, 1,, A
7200,25, 0,0, 1,, A
7200,26, 0,0, 1,, A
7200,27, 0,0, 1,, A
7200,28, 0,0, 1,, A
7200,29, 0,0, 1,, A
7200,30, 0,0, 1,, A
7200,31, 0,0, 1,, A
7200,32, 0,0, 1,, A
7200,33, 0,0, 1,, A
7200,34, 0,0, 1,, A
7200,35, 0,0, 1,, A
7200,36, 0,0, 1,, A
7200,37, 0,0, 1,, A
7200,38, 0,0, 1,, A
7200,39, 0,0, 1,, A
7200,40, 0,0, 1,, A
7200,41, 0,0, 1,, A
7200,42, 0,0, 1,, A
7200,43, 0,0, 1,, A
7200,44, 0,0, 1,, A
7200,45, 0,0, 1,, A
7200,46, 0,0, 1,, A
7200,47, 0,0, 1,, A
7200,48, 0,0, 1,, A
Clsn1Default: 1
  Clsn1[0] = 0, 0, 0, 0
7200,49, 0,0, 1,, A
7200,50, 0,0, 1,, A
7200,51, 0,0, 1,, A
7200,52, 0,0, 1,, A
7200,53, 0,0, 1,, A
7200,54, 0,0, 1,, A


; 
[Begin Action 7300]
7300,0, 0,0, 1,, A
7300,1, 0,0, 1,, A
7300,2, 0,0, 1,, A
7300,3, 0,0, 2,, A
Loopstart
7300,4, 0,0, 2,, A
7300,4, 0,0, 2,, A1


; 
[Begin Action 7301]
7300,5, 0,0, 2,, A
7300,6, 0,0, 2,, A
7300,7, 0,0, 2,, A
7300,8, 0,0, 2,, A
7300,9, 0,0, 2,, A
7300,10, 0,0, 2,, A
7300,11, 0,0, 2,, A
7300,12, 0,0, 2,, A
7300,13, 0,0, 2,, A
7300,14, 0,0, 2,, A
7300,15, 0,0, 2,, A
7300,16, 0,0, 2,, A
7300,17, 0,0, 2,, A
7300,18, 0,0, 2,, A


; 
[Begin Action 7310]
7300,2, 0,0, 1,, A
7300,3, 0,0, 1,, A
Loopstart
7300,4, 0,0, 2,, A
7300,4, 0,0, 2,, A1


; 
[Begin Action 7311]
7300,5, 0,0, 2,, A
7300,6, 0,0, 2,, A
7300,7, 0,0, 2,, A
7300,8, 0,0, 2,, A
7300,9, 0,0, 2,, A
7300,10, 0,0, 2,, A
7300,11, 0,0, 2,, A
7300,12, 0,0, 2,, A
7300,13, 0,0, 2,, A
7300,14, 0,0, 2,, A
7300,15, 0,0, 2,, A
7300,16, 0,0, 2,, A
7300,17, 0,0, 2,, A
7300,18, 0,0, 2,, A


; 
[Begin Action 4355]
-1,0, 0,0, 1
Clsn1: 1
  Clsn1[0] = -7, -120, 16, 4
-1,1, 0,0, 2
Clsn1: 1
  Clsn1[0] = -7, -142, 16, 4
-1,2, 0,0, 2
Clsn1: 2
  Clsn1[0] = 16, -77, 50, 3
  Clsn1[1] = -7, -142, 16, 4
-1,3, 0,0, 2
Clsn1: 2
  Clsn1[0] = 16, -126, 50, 3
  Clsn1[1] = -7, -142, 16, 4
-1,4, 0,0, 2
Clsn1: 3
  Clsn1[0] = 48, -51, 89, 4
  Clsn1[1] = -7, -142, 16, 4
  Clsn1[2] = 16, -126, 50, 3
-1,5, 0,0, 2
Clsn1: 3
  Clsn1[0] = 48, -134, 89, 4
  Clsn1[1] = 16, -126, 50, 3
  Clsn1[2] = -7, -142, 16, 4
-1,6, 0,0, 2
Clsn1: 4
  Clsn1[0] = 82, -27, 105, 4
  Clsn1[1] = 48, -134, 89, 4
  Clsn1[2] = -7, -142, 16, 4
  Clsn1[3] = 16, -126, 50, 3
-1,7, 0,0, 2
Clsn1: 5
  Clsn1[0] = 104, -84, 131, 3
  Clsn1[1] = 82, -27, 105, 4
  Clsn1[2] = 16, -126, 50, 3
  Clsn1[3] = -7, -142, 16, 4
  Clsn1[4] = 48, -134, 89, 4
-1,8, 0,0, 2
Clsn1: 6
  Clsn1[0] = 117, -57, 140, 2
  Clsn1[1] = 16, -144, 50, 3
  Clsn1[2] = 104, -131, 131, 3
  Clsn1[3] = 48, -134, 89, 4
  Clsn1[4] = -7, -142, 16, 4
  Clsn1[5] = 82, -27, 105, 4
-1,9, 0,0, 2
Clsn1: 6
  Clsn1[0] = 48, -142, 89, 4
  Clsn1[1] = 104, -142, 131, 3
  Clsn1[2] = 16, -144, 50, 3
  Clsn1[3] = -7, -142, 16, 4
  Clsn1[4] = 82, -27, 105, 4
  Clsn1[5] = 119, -106, 142, 3
-1,10, 0,0, 2
Clsn1: 6
  Clsn1[0] = 119, -135, 142, 3
  Clsn1[1] = 82, -27, 105, 4
  Clsn1[2] = -7, -142, 16, 4
  Clsn1[3] = 16, -144, 50, 3
  Clsn1[4] = 104, -142, 131, 3
  Clsn1[5] = 48, -142, 89, 4
-1,11, 0,0, 2
Clsn1: 6
  Clsn1[0] = 119, -135, 142, 3
  Clsn1[1] = 82, -27, 105, 4
  Clsn1[2] = -7, -142, 16, 4
  Clsn1[3] = 16, -144, 50, 3
  Clsn1[4] = 104, -142, 131, 3
  Clsn1[5] = 48, -142, 89, 4
-1,12, 0,0, 2
Clsn1: 5
  Clsn1[0] = 119, -139, 142, 3
  Clsn1[1] = 104, -142, 131, 3
  Clsn1[2] = 48, -142, 89, 4
  Clsn1[3] = 16, -144, 50, 3
  Clsn1[4] = 82, -27, 105, 4
-1,13, 0,0, 2
Clsn1: 5
  Clsn1[0] = 16, -144, 50, 3
  Clsn1[1] = 104, -142, 131, 3
  Clsn1[2] = 48, -142, 89, 4
  Clsn1[3] = 82, -27, 105, 4
  Clsn1[4] = 119, -142, 142, 3
-1,14, 0,0, 2
Clsn1: 5
  Clsn1[0] = 36, -144, 50, 3
  Clsn1[1] = 104, -142, 131, 3
  Clsn1[2] = 48, -142, 89, 4
  Clsn1[3] = 82, -27, 105, 4
  Clsn1[4] = 119, -142, 142, 3
-1,15, 0,0, 2
Clsn1: 4
  Clsn1[0] = 119, -142, 142, 3
  Clsn1[1] = 82, -27, 105, 4
  Clsn1[2] = 104, -142, 131, 3
  Clsn1[3] = 48, -136, 89, 4
-1,16, 0,0, 2
Clsn1: 2
  Clsn1[0] = 104, -142, 131, 3
  Clsn1[1] = 119, -142, 142, 3
-1,17, 0,0, 2
Clsn1: 1
  Clsn1[0] = 104, -142, 131, 3
-1,18, 0,0, 2
Clsn1: 2
  Clsn1[0] = 119, -142, 142, 3
  Clsn1[1] = 104, -142, 131, 3
-1,19, 0,0, 2
Clsn1: 2
  Clsn1[0] = 119, -142, 142, 3
  Clsn1[1] = 104, -142, 131, 3
-1,20, 0,0, 2
Clsn1: 2
  Clsn1[0] = 119, -142, 142, 3
  Clsn1[1] = 104, -142, 131, 3
-1,21, 0,0, 2
-1,22, 0,0, 2


;0
[Begin Action 4410]
Clsn1Default: 1
  Clsn1[0] = -34, -35, 36, 35
4410,0, 0,0, 2,, A
4410,1, 0,0, 2,, A
4410,2, 0,0, 2,, A
4410,3, 0,0, 2,, A
4410,4, 0,0, 2,, A
4410,5, 0,0, 2,, A
4410,6, 0,0, 2,, A
4410,7, 0,0, 2,, A
4410,8, 0,0, 2,, A
4410,9, 0,0, 2,, A
4410,10, 0,0, 2,, A
4410,11, 0,0, 2,, A
4410,12, 0,0, 2,, A
4410,13, 0,0, 2,, A
4410,14, 0,0, 2,, A
4410,15, 0,0, 2,, A
4410,16, 0,0, 2,, A
4410,17, 0,0, 2,, A
4410,18, 0,0, 2,, A
4410,19, 0,0, 2,, A


;0
[Begin Action 4411]
4411,0, 0,0, 2,, S
4411,1, 0,0, 2,, S
4411,2, 0,0, 2,, S
4411,3, 0,0, 2,, S
4411,4, 0,0, 2,, S
4411,5, 0,0, 2,, S
4411,6, 0,0, 2,, S
4411,7, 0,0, 2,, S
4411,8, 0,0, 2,, S
4411,9, 0,0, 2,, S
4411,10, 0,0, 2,, S
4411,11, 0,0, 2,, S
4411,12, 0,0, 2,, S
4411,13, 0,0, 2,, S
4411,14, 0,0, 2,, S
4411,15, 0,0, 2,, S
4411,16, 0,0, 2,, S
4411,17, 0,0, 2,, S
4411,18, 0,0, 2,, S
4411,19, 0,0, 2,, S


;0
[Begin Action 4412]
4412,0, 0,0, 2,, S
4412,1, 0,0, 2,, S
4412,2, 0,0, 2,, S
4412,3, 0,0, 2,, S
4412,4, 0,0, 2,, S
4412,5, 0,0, 2,, S
4412,6, 0,0, 2,, S
4412,7, 0,0, 2,, S
4412,8, 0,0, 2,, S
4412,9, 0,0, 2,, S
4412,10, 0,0, 2,, S
4412,11, 0,0, 2,, S
4412,12, 0,0, 2,, S
4412,13, 0,0, 2,, S
4412,14, 0,0, 2,, S
4412,15, 0,0, 2,, S
4412,16, 0,0, 2,, S
4412,17, 0,0, 2,, S
4412,18, 0,0, 2,, S
4412,19, 0,0, 2,, S


;0
[Begin Action 4413]
4413,0, 0,0, 2,, S
4413,1, 0,0, 2,, S
4413,2, 0,0, 2,, S
4413,3, 0,0, 2,, S
4413,4, 0,0, 2,, S
4413,5, 0,0, 2,, S
4413,6, 0,0, 2,, S
4413,7, 0,0, 2,, S
4413,8, 0,0, 2,, S
4413,9, 0,0, 2,, S
4413,10, 0,0, 2,, S
4413,11, 0,0, 2,, S
4413,12, 0,0, 2,, S
4413,13, 0,0, 2,, S
4413,14, 0,0, 2,, S
4413,15, 0,0, 2,, S
4413,16, 0,0, 2,, S
4413,17, 0,0, 2,, S
4413,18, 0,0, 2,, S
4413,19, 0,0, 2,, S


;0
[Begin Action 4414]
4414,0, 0,0, 3,, A
4414,1, 0,0, 3,, A
4414,2, 0,0, 3,, A
4414,3, 0,0, 3,, A
4414,4, 0,0, 3,, A
4414,5, 0,0, 3,, A
4414,6, 0,0, 3,, A
4414,7, 0,0, 3,, A
4414,8, 0,0, 3,, A
4414,9, 0,0, 3,, A
4414,10, 0,0, 3,, A
4414,11, 0,0, 3,, A
4414,12, 0,0, 3,, A
4414,13, 0,0, 3,, A
4414,14, 0,0, 3,, A
4414,15, 0,0, 3,, A
4414,16, 0,0, 3,, A
4414,17, 0,0, 3,, A
4414,18, 0,0, 3,, A
4414,19, 0,0, 3,, A
4414,20, 0,0, 3,, A
4414,21, 0,0, 3,, A
4414,22, 0,0, 3,, A
4414,23, 0,0, 3,, A
4414,24, 0,0, 3,, A
4414,25, 0,0, 3,, A
4414,26, 0,0, 3,, A
4414,27, 0,0, 3,, A
4414,28, 0,0, 3,, A
4414,29, 0,0, 3,, A
4414,30, 0,0, 3,, A
4414,31, 0,0, 3,, A
4414,32, 0,0, 3,, A
4414,33, 0,0, 3,, A
4414,34, 0,0, 3,, A
4414,35, 0,0, 3,, A
4414,36, 0,0, 3,, A
4414,37, 0,0, 3,, A
4414,38, 0,0, 3,, A
4414,39, 0,0, 3,, A
4414,40, 0,0, 3,, A
4414,41, 0,0, 3,, A
4414,42, 0,0, 3,, A
4414,43, 0,0, 3,, A
4414,44, 0,0, 3,, A
4414,45, 0,0, 3,, A
4414,46, 0,0, 3,, A
4414,47, 0,0, 3,, A
4414,48, 0,0, 3,, A


;0
[Begin Action 4415]
4415,0, 0,0, 3,, S
4415,1, 0,0, 3,, S
4415,2, 0,0, 3,, S
4415,3, 0,0, 3,, S
4415,4, 0,0, 3,, S
4415,5, 0,0, 3,, S
4415,6, 0,0, 3,, S
4415,7, 0,0, 3,, S
4415,8, 0,0, 3,, S
4415,9, 0,0, 3,, S
4415,10, 0,0, 3,, S
4415,11, 0,0, 3,, S
4415,12, 0,0, 3,, S
4415,13, 0,0, 3,, S
4415,14, 0,0, 3,, S
4415,15, 0,0, 3,, S
4415,16, 0,0, 3,, S
4415,17, 0,0, 3,, S
4415,18, 0,0, 3,, S
4415,19, 0,0, 3,, S
4415,20, 0,0, 3,, S
4415,21, 0,0, 3,, S
4415,22, 0,0, 3,, S
4415,23, 0,0, 3,, S
4415,24, 0,0, 3,, S
4415,25, 0,0, 3,, S
4415,26, 0,0, 3,, S
4415,27, 0,0, 3,, S
4415,28, 0,0, 3,, S
4415,29, 0,0, 3,, S
4415,30, 0,0, 3,, S
4415,31, 0,0, 3,, S
4415,32, 0,0, 3,, S
4415,33, 0,0, 3,, S
4415,34, 0,0, 3,, S
4415,35, 0,0, 3,, S
4415,36, 0,0, 3,, S


; 0
[Begin Action 4416]
Clsn1Default: 1
  Clsn1[0] = -68, -70, 72, 70
-1,0, 0,0, 2,, S
-1,0, 0,0, 2,, S
-1,0, 0,0, 2,, S
-1,0, 0,0, 2,, S
-1,0, 0,0, 2,, S
-1,0, 0,0, 2,, S
-1,0, 0,0, 2,, S
-1,0, 0,0, 2,, S
-1,0, 0,0, 2,, S
-1,0, 0,0, 2,, S


; 0
[Begin Action 4417]
Clsn1Default: 1
  Clsn1[0] = -120, -120, 124, 112
-1,0, 0,0, 2,, S
-1,0, 0,0, 2,, S
-1,0, 0,0, 2,, S
-1,0, 0,0, 2,, S
-1,0, 0,0, 2,, S
-1,0, 0,0, 2,, S
-1,0, 0,0, 2,, S
-1,0, 0,0, 2,, S
-1,0, 0,0, 2,, S
-1,0, 0,0, 2,, S


;0
[Begin Action 6030]
6030,0, 0,0, 1,, A
6030,1, 0,0, 1,, A
6030,2, 0,0, 1,, A
6030,3, 0,0, 1,, A
6030,4, 0,0, 1,, A
6030,5, 0,0, 1,, A
6030,6, 0,0, 1,, A
6030,7, 0,0, 1,, A
6030,8, 0,0, 1,, A
6030,9, 0,0, 1,, A
6030,10, 0,0, 1,, A
6030,11, 0,0, 1,, A
6030,12, 0,0, 1,, A
6030,13, 0,0, 1,, A
6030,14, 0,0, 1,, A
6030,15, 0,0, 1,, A
6030,16, 0,0, 1,, A
6030,17, 0,0, 1,, A
6030,18, 0,0, 1,, A
6030,19, 0,0, 1,, A


;0
[Begin Action 6031]
6031,0, 0,0, 1,, A
6031,1, 0,0, 1,, A
6031,2, 0,0, 1,, A
6031,3, 0,0, 1,, A
6031,4, 0,0, 1,, A
6031,5, 0,0, 1,, A
6031,6, 0,0, 1,, A
6031,7, 0,0, 1,, A
6031,8, 0,0, 1,, A
6031,9, 0,0, 1,, A
6031,10, 0,0, 1,, A
6031,11, 0,0, 1,, A
6031,12, 0,0, 1,, A
6031,13, 0,0, 1,, A
6031,14, 0,0, 1,, A
6031,15, 0,0, 1,, A
6031,16, 0,0, 1,, A
6031,17, 0,0, 1,, A
6031,18, 0,0, 1,, A
6031,19, 0,0, 1,, A


;0
[Begin Action 6032]
6032,0, 0,0, 1,, A
6032,1, 0,0, 1,, A
6032,2, 0,0, 1,, A
6032,3, 0,0, 1,, A
6032,4, 0,0, 1,, A
6032,5, 0,0, 1,, A
6032,6, 0,0, 1,, A
6032,7, 0,0, 1,, A
6032,8, 0,0, 1,, A
6032,9, 0,0, 1,, A
6032,10, 0,0, 1,, A
6032,11, 0,0, 1,, A
6032,12, 0,0, 1,, A
6032,13, 0,0, 1,, A
6032,14, 0,0, 1,, A
6032,15, 0,0, 1,, A
6032,16, 0,0, 1,, A
6032,17, 0,0, 1,, A
6032,18, 0,0, 1,, A
6032,19, 0,0, 1,, A


;0
[Begin Action 6033]
6033,0, 0,0, 1,, A
6033,1, 0,0, 1,, A
6033,2, 0,0, 1,, A
6033,3, 0,0, 1,, A
6033,4, 0,0, 1,, A
6033,5, 0,0, 1,, A
6033,6, 0,0, 1,, A
6033,7, 0,0, 1,, A
6033,8, 0,0, 1,, A
6033,9, 0,0, 1,, A
6033,10, 0,0, 1,, A
6033,11, 0,0, 1,, A
6033,12, 0,0, 1,, A
6033,13, 0,0, 1,, A
6033,14, 0,0, 1,, A
6033,15, 0,0, 1,, A
6033,16, 0,0, 1,, A
6033,17, 0,0, 1,, A
6033,18, 0,0, 1,, A
6033,19, 0,0, 1,, A


;0
[Begin Action 6050]
6050,0, 0,0, 1,, A
6050,1, 0,0, 1,, A
6050,2, 0,0, 1,, A
6050,3, 0,0, 1,, A
6050,4, 0,0, 1,, A
6050,5, 0,0, 1,, A
6050,6, 0,0, 1,, A
6050,7, 0,0, 1,, A
6050,8, 0,0, 1,, A
6050,9, 0,0, 1,, A
6050,10, 0,0, 1,, A
6050,11, 0,0, 1,, A
6050,12, 0,0, 1,, A
6050,13, 0,0, 1,, A
6050,14, 0,0, 1,, A
6050,15, 0,0, 1,, A
6050,16, 0,0, 1,, A
6050,17, 0,0, 1,, A
6050,18, 0,0, 1,, A
6050,19, 0,0, 1,, A


;0
[Begin Action 5900]
5900,0, 0,0, -1


; きりもみ落下
[Begin Action 5400]
Clsn2Default: 1
  Clsn2[0] = -62, -211, 89, 1
5030,10, 0,0, 10
5030,30, 0,0, 3
5030,40, 0,0, 3
5060,10, 0,0, 3
Loopstart
5002,20, -20,0, 2,V
5012,0, 0,0, 2,VH
5002,20, 20,0, 2,VH
5012,0, 0,0, 2,V


; ワイヤー吹っ飛び
[Begin Action 5410]
Clsn2Default: 1
  Clsn2[0] = -52, -174, 74, 1
5030,0, 0,0, 15
5030,10, 0,0, -1


; ワイヤー跳ね返り
[Begin Action 5411]
Clsn2Default: 1
  Clsn2[0] = -51, -175, 71, 1
5030,0, 0,0, 5
5030,10, 0,0, 5
5030,30, 0,0, 5
5030,40, 0,0, -1


; 滑りダウン
[Begin Action 5420]
5040,0, 0,0, -1


; 立ちガークラ
[Begin Action 5430]
Clsn2Default: 1
  Clsn2[0] = -32, -208, 67, 1
5000,0, 0,0, 5
5000,10, 0,0, 5
5000,20, 0,0, 5
5000,10, 0,0, 5
5000,0, 0,0, -1


;
[Begin Action 5431]
Clsn2Default: 1
  Clsn2[0] = -45, -140, 59, 0
5020,0, 0,0, 5
5020,10, 0,0, 5
5020,20, 0,0, 5
5020,10, 0,0, 5
5020,0, 0,0, -1


;0
[Begin Action 7190]
7190,3, 0,0, 2
7190,5, 0,0, 2
7190,9, 0,0, 2
7190,11, 0,0, 2
7190,13, 0,0, 2
7190,15, 0,0, 2
7190,17, 0,0, 2


; 邪骸喰刹(投げられ)
[Begin Action 840]
5012,0, 0,0, 15
5072,0, 0,0, 3
5072,10, 0,0, 3
5012,20, 0,0, -1,VH


; 邪骸喰刹(投げられ)
[Begin Action 841]
5012,0, 0,0, 6
5072,0, 0,0, 3
5072,10, 0,0, 3
5012,20, 0,0, -1,V


; 
[Begin Action 842]
5030,10, 0,0, 10
5030,30, 0,0, 3
5030,40, 0,0, 3
5060,10, 0,0, 3
Clsn2Default: 1
  Clsn2[0] = -36, -81, 34, 12
Loopstart
5002,20, -20,0, 2,V
5012,0, 0,0, 2,VH
5002,20, 20,0, 2,VH
5012,0, 0,0, 2,V


; 0
[Begin Action 7132]
7132,0, 0,0, 6,H
7132,1, 0,0, 8,H
7132,2, 0,0, 8,H
7132,3, 0,0, 6,H


;0
[Begin Action 7060]
7060,0, 0,0, 2
7060,1, 0,0, 2
7060,2, 0,0, 2
7060,3, 0,0, 2
7060,4, 0,0, 2
7060,5, 0,0, 2
7060,6, 0,0, 2
7060,7, 0,0, 2
7060,8, 0,0, 2


;0
[Begin Action 7061]
7061,0, 0,0, 2
7061,1, 0,0, 2
7061,2, 0,0, 2
7061,3, 0,0, 2
7061,4, 0,0, 2
7061,5, 0,0, 2
7061,6, 0,0, 2
7061,7, 0,0, 2
7061,8, 0,0, 2


; 相手吹き飛び
[Begin Action 1351]
Clsn2: 1
  Clsn2[0] = -70, -205, 96, 4
5030,0, 0,0, 12


; テュホンレイジ・ガード時ヘルパー
[Begin Action 1353]
Clsn1: 1
  Clsn1[0] = -100, -160, 100, 0
8205,5, 0,0, 1


;
[Begin Action 9998]
-1,-1, 0,0, -1


;
[Begin Action 9999]
-1,-1, 0,0, 0


; 
[Begin Action 901]
Clsn1: 1
  Clsn1[0] = -40, -164, 110, -32
900,0, 0,0, 1
Clsn1: 1
  Clsn1[0] = -50, -184, 112, -14
900,0, 0,0, 20
Clsn2Default: 1
  Clsn2[0] = -33, -216, 39, 2
200,0, 0,0, 4
200,0, 0,0, 3
200,0, 0,0, 3


;0
[Begin Action 902]
Clsn1: 1
  Clsn1[0] = -21, -207, 123, 2
900,0, 0,0, -1,, A


;
[Begin Action 911]
Clsn2Default: 1
  Clsn2[0] = -23, -127, 45, 0
Clsn1: 1
  Clsn1[0] = -36, -130, 112, 0
910,0, 0,0, 1
Clsn1: 1
  Clsn1[0] = -52, -136, 106, 6
910,0, 0,0, 20
400,1, 0,0, 4
400,1, 0,0, 1
400,1, 0,0, 1
400,1, 0,0, 1


;0
[Begin Action 912]
Clsn1: 1
  Clsn1[0] = -15, -139, 111, -2
910,0, 0,0, -1,, S


;0
[Begin Action 922]
Clsn1: 1
  Clsn1[0] = -15, -139, 111, -2
620,0, 0,0, -1,, A


;0
[Begin Action 351]
351,0, 10,66, 1,, A
351,1, 10,66, 1,, A
351,2, 10,66, 1,, A
351,3, 10,66, 1,, A
351,4, 10,66, 1,, A
351,5, 10,66, 1,, A
351,4, 10,66, 1,, A
351,3, 10,66, 1,, A
351,2, 10,66, 1,, A
351,1, 10,66, 1,, A
351,0, 10,66, 1,, A


;0
[Begin Action 999]
-1,-1, 0,0, 8


; 
[Begin Action 920]
Clsn2Default: 1
  Clsn2[0] = -25, -197, 45, -62
Clsn1: 1
  Clsn1[0] = -34, -201, 86, -63
620,0, 0,0, 9
640,0, 0,0, 9
620,3, 0,0, 3
41,3, 0,0, 3


; 
[Begin Action 921]
Clsn2Default: 1
  Clsn2[0] = -21, -198, 38, -55
Clsn1: 1
  Clsn1[0] = -47, -211, 73, -49
620,0, 0,0, 11
640,0, 0,0, 3
620,3, 0,0, 3


;0
[Begin Action 2010]
Clsn1Default: 1
  Clsn1[0] = -74, -86, 64, 61
2010,0, 0,0, 3
2010,1, 0,0, 3
2010,2, 0,0, 3
2010,3, 0,0, 3
2010,4, 0,0, 3
2010,5, 0,0, 3
2010,6, 0,0, 3
2010,7, 0,0, 3


;0
[Begin Action 2011]
2011,0, 0,0, 2
2011,1, 0,0, 2
2011,2, 0,0, 2
2011,3, 0,0, 2
2011,4, 0,0, 2
2011,5, 0,0, 2
2011,6, 0,0, 2
2011,7, 0,0, 2
2011,8, 0,0, 2


;0
[Begin Action 2020]
2020,0, -80,-152, 1,, A
2020,1, -80,-152, 1,, A
2020,2, -80,-152, 1,, A
2020,3, -80,-152, 1,, A
2020,4, -80,-152, 1,, A
2020,5, -80,-152, 1,, A
2020,6, -60,-148, 1,, A
2020,7, -60,-148, 1,, A
2020,0, -60,-148, 1
2020,1, -44,-208, 1
2020,2, -44,-208, 1
2020,3, -44,-208, 1


; 
[Begin Action 7501]
7500,0, 0,0, -1


; 
[Begin Action 7502]
7500,1, 0,0, -1


; 
[Begin Action 7510]
7500,2, 0,0, -1


; 
[Begin Action 7511]
7500,3, 0,0, -1


; 
[Begin Action 7512]
7500,4, 0,0, -1


; 
[Begin Action 7513]
7500,5, 0,0, -1


; 
[Begin Action 7514]
7500,6, 0,0, -1


; 
[Begin Action 7515]
7500,7, 0,0, -1


; 
[Begin Action 7520]
7500,8, 0,0, 1


; 
[Begin Action 7521]
7500,9, 0,0, 1


; 
[Begin Action 7522]
7500,10, 0,0, 1


; 
[Begin Action 7523]
7500,11, 0,0, 1


; 
[Begin Action 7524]
7500,12, 0,0, 1


; 
[Begin Action 7525]
7500,13, 0,0, 2
7500,14, 0,0, 2
7500,15, 0,0, 2
7500,16, 0,0, 2
7500,15, 0,0, 2
7500,14, 0,0, 2
Loopstart
7500,13, 0,0, 2
7500,17, 0,0, 2
7500,18, 0,0, 2
7500,17, 0,0, 2
7500,13, 0,0, 2
7500,15, 0,0, 2
7500,16, 0,0, 2
7500,15, 0,0, 2


; 
[Begin Action 7526]
7500,13, 63,0, 2,H
7500,14, 63,0, 2,H
7500,15, 63,0, 2,H
7500,16, 63,0, 2,H
7500,15, 63,0, 2,H
7500,14, 63,0, 2,H
Loopstart
7500,13, 63,0, 2,H
7500,17, 63,0, 2,H
7500,18, 63,0, 2,H
7500,17, 63,0, 2,H
7500,13, 63,0, 2,H
7500,15, 63,0, 2,H
7500,16, 63,0, 2,H
7500,15, 63,0, 2,H


; 
[Begin Action 7530]
7500,19, 0,0, 32
7500,20, 0,0, -1


; 
[Begin Action 7531]
7500,19, 29,0, 32,H
7500,22, 0,0, -1,H


; 
[Begin Action 7532]
7500,21, 0,0, 1


; 0
[Begin Action 4500]
4500,0, 0,0, 1


; 1
[Begin Action 4501]
4501,0, 0,0, 1


; 2
[Begin Action 4502]
4502,0, 0,0, 1


; 3
[Begin Action 4503]
4503,0, 0,0, 1


; 4
[Begin Action 4504]
4504,0, 0,0, 1


; 5
[Begin Action 4505]
4505,0, 0,0, 1


; 6
[Begin Action 4506]
4506,0, 0,0, 1


; 7
[Begin Action 4507]
4507,0, 0,0, 1


; 8
[Begin Action 4508]
4508,0, 0,0, 1


; 9
[Begin Action 4509]
4509,0, 0,0, 1


; ゲージ枠
[Begin Action 4510]
4510,0, 0,0, 1


; ゲージ中身
[Begin Action 4511]
4511,0, 0,0, 1


;
[Begin Action 4512]
4512,0, 0,0, -1


;0
[Begin Action 6170]
6170,6, 0,0, 4
6170,7, 0,0, 4
6170,8, 0,0, 4
6170,9, 0,0, 4
6170,10, 0,0, 4
6170,11, 0,0, 4
6170,12, 0,0, 4
6170,13, 0,0, 3


;0
[Begin Action 6171]
6170,14, 0,0, 4
6170,15, 0,0, 4
6170,16, 0,0, 4
6170,17, 0,0, 4
6170,18, 0,0, 4
6170,19, 0,0, 4
6170,20, 0,0, 4
6170,21, 0,0, 3


; 前半分攻撃判定
[Begin Action 3102]
Clsn1: 1
  Clsn1[0] = -10, -999, 999, 999
-1,0, 0,0, -1


; 後ろ半分攻撃判定
[Begin Action 3103]
Clsn1: 1
  Clsn1[0] = -999, -999, 10, 999
-1,0, 0,0, -1


; 
[Begin Action 3104]
Clsn2: 1
  Clsn2[0] = -704, -451, 953, 472
-1,0, 0,0, 4
Clsn2: 1
  Clsn2[0] = -705, -451, 952, 472
-1,0, 0,0, 4


; 
[Begin Action 9015]
9015,0, 0,0, 1


; 
[Begin Action 9016]
9015,0, 0,0, 9,, A
9015,0, 0,0, -1,, A


; 
[Begin Action 9017]
9015,1, 0,0, 1


; 
[Begin Action 9018]
9015,1, 0,0, 9,, A
9015,1, 0,0, -1,, A


; 
[Begin Action 8000]
8000,0, 720,0, 1
8000,0, 640,0, 1
8000,0, 560,0, 1
8000,0, 480,0, 1
8000,0, 400,0, 1
8000,0, 320,0, 1
8000,0, 240,0, 1
8000,0, 160,0, 1
8000,0, 80,0, 1
8000,0, 0,0, -1


; 
[Begin Action 8010]
8010,0, 0,0, 1,, AS10D250
8010,0, 0,0, 1,, AS20D240
8010,0, 0,0, 1,, AS30D230
8010,0, 0,0, 1,, AS40D220
8010,0, 0,0, 1,, AS50D210
8010,0, 0,0, 1,, AS100D160
8010,0, 0,0, 1,, AS150D110
8010,0, 0,0, 1,, AS200D60
8010,0, 0,0, 1,, AS250D10
8010,0, 0,0, -1


; 
[Begin Action 18010]
18010,0, 0,0, 1,, AS10D250
18010,0, 0,0, 1,, AS20D240
18010,0, 0,0, 1,, AS30D230
18010,0, 0,0, 1,, AS40D220
18010,0, 0,0, 1,, AS50D210
18010,0, 0,0, 1,, AS100D160
18010,0, 0,0, 1,, AS150D110
18010,0, 0,0, 1,, AS200D60
18010,0, 0,0, 1,, AS250D10
18010,0, 0,0, -1


; 
[Begin Action 28010]
28010,0, 0,0, 1,, AS10D250
28010,0, 0,0, 1,, AS20D240
28010,0, 0,0, 1,, AS30D230
28010,0, 0,0, 1,, AS40D220
28010,0, 0,0, 1,, AS50D210
28010,0, 0,0, 1,, AS100D160
28010,0, 0,0, 1,, AS150D110
28010,0, 0,0, 1,, AS200D60
28010,0, 0,0, 1,, AS250D10
28010,0, 0,0, -1


; 
[Begin Action 8011]
8010,1, 0,0, 1,, AS10D250
8010,1, 0,0, 1,, AS20D240
8010,1, 0,0, 1,, AS30D230
8010,1, 0,0, 1,, AS40D220
8010,1, 0,0, 1,, AS50D210
8010,1, 0,0, 1,, AS100D160
8010,1, 0,0, 1,, AS150D110
8010,1, 0,0, 1,, AS200D60
8010,1, 0,0, 1,, AS250D10
8010,1, 0,0, -1


; 
[Begin Action 18011]
18010,1, 0,0, 1,, AS10D250
18010,1, 0,0, 1,, AS20D240
18010,1, 0,0, 1,, AS30D230
18010,1, 0,0, 1,, AS40D220
18010,1, 0,0, 1,, AS50D210
18010,1, 0,0, 1,, AS100D160
18010,1, 0,0, 1,, AS150D110
18010,1, 0,0, 1,, AS200D60
18010,1, 0,0, 1,, AS250D10
18010,1, 0,0, -1


; 
[Begin Action 28011]
28010,1, 0,0, 1,, AS10D250
28010,1, 0,0, 1,, AS20D240
28010,1, 0,0, 1,, AS30D230
28010,1, 0,0, 1,, AS40D220
28010,1, 0,0, 1,, AS50D210
28010,1, 0,0, 1,, AS100D160
28010,1, 0,0, 1,, AS150D110
28010,1, 0,0, 1,, AS200D60
28010,1, 0,0, 1,, AS250D10
28010,1, 0,0, -1


; 
[Begin Action 8012]
8010,2, 0,0, 1,, AS10D250
8010,2, 0,0, 1,, AS20D240
8010,2, 0,0, 1,, AS30D230
8010,2, 0,0, 1,, AS40D220
8010,2, 0,0, 1,, AS50D210
8010,2, 0,0, 1,, AS100D160
8010,2, 0,0, 1,, AS150D110
8010,2, 0,0, 1,, AS200D60
8010,2, 0,0, 1,, AS250D10
8010,2, 0,0, -1


; 
[Begin Action 18012]
18010,2, 0,0, 1,, AS10D250
18010,2, 0,0, 1,, AS20D240
18010,2, 0,0, 1,, AS30D230
18010,2, 0,0, 1,, AS40D220
18010,2, 0,0, 1,, AS50D210
18010,2, 0,0, 1,, AS100D160
18010,2, 0,0, 1,, AS150D110
18010,2, 0,0, 1,, AS200D60
18010,2, 0,0, 1,, AS250D10
18010,2, 0,0, -1


; 
[Begin Action 28012]
28010,2, 0,0, 1,, AS10D250
28010,2, 0,0, 1,, AS20D240
28010,2, 0,0, 1,, AS30D230
28010,2, 0,0, 1,, AS40D220
28010,2, 0,0, 1,, AS50D210
28010,2, 0,0, 1,, AS100D160
28010,2, 0,0, 1,, AS150D110
28010,2, 0,0, 1,, AS200D60
28010,2, 0,0, 1,, AS250D10
28010,2, 0,0, -1


; 0
[Begin Action 8013]
8010,3, 0,0, 1,, AS10D250
8010,3, 0,0, 1,, AS20D240
8010,3, 0,0, 1,, AS30D230
8010,3, 0,0, 1,, AS40D220
8010,3, 0,0, 1,, AS50D210
8010,3, 0,0, 1,, AS100D160
8010,3, 0,0, 1,, AS150D110
8010,3, 0,0, 1,, AS200D60
8010,3, 0,0, 1,, AS250D10
8010,3, 0,0, -1


; 0
[Begin Action 18013]
18010,3, 0,0, 1,, AS10D250
18010,3, 0,0, 1,, AS20D240
18010,3, 0,0, 1,, AS30D230
18010,3, 0,0, 1,, AS40D220
18010,3, 0,0, 1,, AS50D210
18010,3, 0,0, 1,, AS100D160
18010,3, 0,0, 1,, AS150D110
18010,3, 0,0, 1,, AS200D60
18010,3, 0,0, 1,, AS250D10
18010,3, 0,0, -1


; 0
[Begin Action 28013]
28010,3, 0,0, 1,, AS10D250
28010,3, 0,0, 1,, AS20D240
28010,3, 0,0, 1,, AS30D230
28010,3, 0,0, 1,, AS40D220
28010,3, 0,0, 1,, AS50D210
28010,3, 0,0, 1,, AS100D160
28010,3, 0,0, 1,, AS150D110
28010,3, 0,0, 1,, AS200D60
28010,3, 0,0, 1,, AS250D10
28010,3, 0,0, -1


; 0
[Begin Action 8014]
8010,4, 0,0, 1,, AS10D250
8010,4, 0,0, 1,, AS20D240
8010,4, 0,0, 1,, AS30D230
8010,4, 0,0, 1,, AS40D220
8010,4, 0,0, 1,, AS50D210
8010,4, 0,0, 1,, AS100D160
8010,4, 0,0, 1,, AS150D110
8010,4, 0,0, 1,, AS200D60
8010,4, 0,0, 1,, AS250D10
8010,4, 0,0, -1


; 0
[Begin Action 18014]
18010,4, 0,0, 1,, AS10D250
18010,4, 0,0, 1,, AS20D240
18010,4, 0,0, 1,, AS30D230
18010,4, 0,0, 1,, AS40D220
18010,4, 0,0, 1,, AS50D210
18010,4, 0,0, 1,, AS100D160
18010,4, 0,0, 1,, AS150D110
18010,4, 0,0, 1,, AS200D60
18010,4, 0,0, 1,, AS250D10
18010,4, 0,0, -1


; 0
[Begin Action 28014]
28010,4, 0,0, 1,, AS10D250
28010,4, 0,0, 1,, AS20D240
28010,4, 0,0, 1,, AS30D230
28010,4, 0,0, 1,, AS40D220
28010,4, 0,0, 1,, AS50D210
28010,4, 0,0, 1,, AS100D160
28010,4, 0,0, 1,, AS150D110
28010,4, 0,0, 1,, AS200D60
28010,4, 0,0, 1,, AS250D10
28010,4, 0,0, -1


;
[Begin Action 8015]
8010,5, 0,0, 1,, AS10D250
8010,5, 0,0, 1,, AS20D240
8010,5, 0,0, 1,, AS30D230
8010,5, 0,0, 1,, AS40D220
8010,5, 0,0, 1,, AS50D210
8010,5, 0,0, 1,, AS100D160
8010,5, 0,0, 1,, AS150D110
8010,5, 0,0, 1,, AS200D60
8010,5, 0,0, 1,, AS250D10
8010,5, 0,0, -1


;
[Begin Action 18015]
18010,5, 0,0, 1,, AS10D250
18010,5, 0,0, 1,, AS20D240
18010,5, 0,0, 1,, AS30D230
18010,5, 0,0, 1,, AS40D220
18010,5, 0,0, 1,, AS50D210
18010,5, 0,0, 1,, AS100D160
18010,5, 0,0, 1,, AS150D110
18010,5, 0,0, 1,, AS200D60
18010,5, 0,0, 1,, AS250D10
18010,5, 0,0, -1


;
[Begin Action 28015]
28010,5, 0,0, 1,, AS10D250
28010,5, 0,0, 1,, AS20D240
28010,5, 0,0, 1,, AS30D230
28010,5, 0,0, 1,, AS40D220
28010,5, 0,0, 1,, AS50D210
28010,5, 0,0, 1,, AS100D160
28010,5, 0,0, 1,, AS150D110
28010,5, 0,0, 1,, AS200D60
28010,5, 0,0, 1,, AS250D10
28010,5, 0,0, -1


; 0
[Begin Action 8020]
8020,0, 0,0, -1,, A1


; 0
[Begin Action 8021]
8020,1, 0,0, -1,, A1


; 0
[Begin Action 8022]
8020,2, 0,0, -1,, A1


; 
[Begin Action 4330]
5010,0, 0,0, 1


; 0
[Begin Action 4325]
4375,0, 0,0, 1
4375,1, 0,0, 4
4375,2, 0,0, 3
4375,3, 0,0, 2
4375,4, 0,0, 2
4375,5, 0,0, 2
4375,6, 0,0, 2


; 
[Begin Action 4326]
4376,0, 0,0, 2
4376,1, 0,0, 2
4376,2, 0,0, 3
4376,3, 0,0, 3
4376,4, 0,0, 2
4376,5, 0,0, 2
4376,6, 0,0, 2


; 
[Begin Action 4350]
4350,0, 0,0, 2
4350,1, 0,0, 2
Clsn1: 2
  Clsn1[0] = -14, -94, 34, 1
  Clsn1[1] = -72, -250, -2, 2
4350,2, 0,0, 2
Clsn1: 4
  Clsn1[0] = 43, -67, 84, 1
  Clsn1[1] = 14, -199, 55, 2
  Clsn1[2] = -66, -101, -31, 3
  Clsn1[3] = -40, -348, 24, 2
4350,3, 0,0, 2
Clsn1: 4
  Clsn1[0] = 34, -104, 82, 2
  Clsn1[1] = 5, -249, 46, 1
  Clsn1[2] = -49, -84, -8, 1
  Clsn1[3] = -33, -345, 9, 2
4350,4, 0,0, 2
Clsn1: 4
  Clsn1[0] = 29, -218, 66, -55
  Clsn1[1] = 10, -71, 97, -1
  Clsn1[2] = -26, -154, 44, 0
  Clsn1[3] = -1, -333, 34, 0
4350,5, 0,0, 2
Clsn1: 3
  Clsn1[0] = 60, -138, 93, 0
  Clsn1[1] = 8, -144, 40, 1
  Clsn1[2] = 28, -237, 66, 2
4350,6, 0,0, 2
Clsn1: 1
  Clsn1[0] = 47, -205, 90, 3
4350,7, 0,0, 2
4350,8, 0,0, 2
4350,9, 0,0, 2
4350,10, 0,0, 2
4350,11, 0,0, 2
-1,-1, 0,0, 1


; 
[Begin Action 4351]
-1,0, 0,0, 13
4350,0, 0,0, 2
4350,1, 0,0, 2
Clsn1: 2
  Clsn1[0] = -14, -94, 34, 1
  Clsn1[1] = -72, -250, -2, 2
4350,2, 0,0, 2
Clsn1: 4
  Clsn1[0] = 43, -67, 84, 1
  Clsn1[1] = 14, -199, 55, 2
  Clsn1[2] = -66, -101, -31, 3
  Clsn1[3] = -40, -348, 24, 2
4350,3, 0,0, 2
Clsn1: 4
  Clsn1[0] = 34, -104, 82, 2
  Clsn1[1] = 5, -249, 46, 1
  Clsn1[2] = -49, -84, -8, 1
  Clsn1[3] = -33, -345, 9, 2
4350,4, 0,0, 2
Clsn1: 4
  Clsn1[0] = 29, -218, 66, -55
  Clsn1[1] = 10, -71, 97, -1
  Clsn1[2] = -26, -154, 44, 0
  Clsn1[3] = -1, -333, 34, 0
4350,5, 0,0, 2
Clsn1: 3
  Clsn1[0] = 60, -138, 93, 0
  Clsn1[1] = 8, -144, 40, 1
  Clsn1[2] = 28, -237, 66, 2
4350,6, 0,0, 2
Clsn1: 1
  Clsn1[0] = 47, -205, 90, 3
4350,7, 0,0, 2
4350,8, 0,0, 2
4350,9, 0,0, 2
4350,10, 0,0, 2
4350,11, 0,0, 2
-1,-1, 0,0, 1


; 
[Begin Action 4352]
-1,0, 0,0, 26
4350,0, 0,0, 2
4350,1, 0,0, 2
Clsn1: 2
  Clsn1[0] = -14, -94, 34, 1
  Clsn1[1] = -72, -250, -2, 2
4350,2, 0,0, 2
Clsn1: 4
  Clsn1[0] = 43, -67, 84, 1
  Clsn1[1] = 14, -199, 55, 2
  Clsn1[2] = -66, -101, -31, 3
  Clsn1[3] = -40, -348, 24, 2
4350,3, 0,0, 2
Clsn1: 4
  Clsn1[0] = 34, -104, 82, 2
  Clsn1[1] = 5, -249, 46, 1
  Clsn1[2] = -49, -84, -8, 1
  Clsn1[3] = -33, -345, 9, 2
4350,4, 0,0, 2
Clsn1: 4
  Clsn1[0] = 29, -218, 66, -55
  Clsn1[1] = 10, -71, 97, -1
  Clsn1[2] = -26, -154, 44, 0
  Clsn1[3] = -1, -333, 34, 0
4350,5, 0,0, 2
Clsn1: 3
  Clsn1[0] = 60, -138, 93, 0
  Clsn1[1] = 8, -144, 40, 1
  Clsn1[2] = 28, -237, 66, 2
4350,6, 0,0, 2
Clsn1: 1
  Clsn1[0] = 47, -205, 90, 3
4350,7, 0,0, 2
4350,8, 0,0, 2
4350,9, 0,0, 2
4350,10, 0,0, 2
4350,11, 0,0, 2
-1,-1, 0,0, 1


; 
[Begin Action 4353]
-1,0, 0,0, 39
4350,0, 0,0, 2
4350,1, 0,0, 2
Clsn1: 2
  Clsn1[0] = -14, -94, 34, 1
  Clsn1[1] = -72, -250, -2, 2
4350,2, 0,0, 2
Clsn1: 4
  Clsn1[0] = 43, -67, 84, 1
  Clsn1[1] = 14, -199, 55, 2
  Clsn1[2] = -66, -101, -31, 3
  Clsn1[3] = -40, -348, 24, 2
4350,3, 0,0, 2
Clsn1: 4
  Clsn1[0] = 34, -104, 82, 2
  Clsn1[1] = 5, -249, 46, 1
  Clsn1[2] = -49, -84, -8, 1
  Clsn1[3] = -33, -345, 9, 2
4350,4, 0,0, 2
Clsn1: 4
  Clsn1[0] = 29, -218, 66, -55
  Clsn1[1] = 10, -71, 97, -1
  Clsn1[2] = -26, -154, 44, 0
  Clsn1[3] = -1, -333, 34, 0
4350,5, 0,0, 2
Clsn1: 3
  Clsn1[0] = 60, -138, 93, 0
  Clsn1[1] = 8, -144, 40, 1
  Clsn1[2] = 28, -237, 66, 2
4350,6, 0,0, 2
Clsn1: 1
  Clsn1[0] = 47, -205, 90, 3
4350,7, 0,0, 2
4350,8, 0,0, 2
4350,9, 0,0, 2
4350,10, 0,0, 2
4350,11, 0,0, 2
-1,-1, 0,0, 1


; 
[Begin Action 4354]
-1,0, 0,0, 52
4350,0, 0,0, 2
4350,1, 0,0, 2
Clsn1: 2
  Clsn1[0] = -14, -94, 34, 1
  Clsn1[1] = -72, -250, -2, 2
4350,2, 0,0, 2
Clsn1: 4
  Clsn1[0] = 43, -67, 84, 1
  Clsn1[1] = 14, -199, 55, 2
  Clsn1[2] = -66, -101, -31, 3
  Clsn1[3] = -40, -348, 24, 2
4350,3, 0,0, 2
Clsn1: 4
  Clsn1[0] = 34, -104, 82, 2
  Clsn1[1] = 5, -249, 46, 1
  Clsn1[2] = -49, -84, -8, 1
  Clsn1[3] = -33, -345, 9, 2
4350,4, 0,0, 2
Clsn1: 4
  Clsn1[0] = 29, -218, 66, -55
  Clsn1[1] = 10, -71, 97, -1
  Clsn1[2] = -26, -154, 44, 0
  Clsn1[3] = -1, -333, 34, 0
4350,5, 0,0, 2
Clsn1: 3
  Clsn1[0] = 60, -138, 93, 0
  Clsn1[1] = 8, -144, 40, 1
  Clsn1[2] = 28, -237, 66, 2
4350,6, 0,0, 2
Clsn1: 1
  Clsn1[0] = 47, -205, 90, 3
4350,7, 0,0, 2
4350,8, 0,0, 2
4350,9, 0,0, 2
4350,10, 0,0, 2
4350,11, 0,0, 2
-1,-1, 0,0, 1


;
[Begin Action 4355]
Clsn1: 1
  Clsn1[0] = -30, -344, 38, 4
-1,-1, 0,0, 2


; 2002 UM HSDM Tile 1-7
[Begin Action 7000]
7000,0, 0,0, 1,, A
7000,0, -32,0, 1,, A
7000,0, -64,0, 1,, A
7000,0, -96,0, 1,, A
7000,0, -128,0, 1,, A
7000,0, -160,0, 1,, A
7000,0, -192,0, 1,, A
7000,0, -224,0, 1,, A
7000,0, -256,0, 1,, A
7000,0, -288,0, 1,, A
7000,0, -320,0, 1,, A
7000,0, -352,0, 1,, A
7000,0, -384,0, 1,, A
7000,0, -416,0, 1,, A
7000,0, -448,0, 1,, A
7000,0, -480,0, 1,, A
7000,0, -512,0, 1,, A
7000,0, -544,0, 1,, A
7000,0, -576,0, 1,, A
7000,0, -608,0, 1,, A
7000,0, -640,0, 1,, A


; 2002 UM HSDM Tile 2-6
[Begin Action 7001]
7000,1, 0,0, 1,, A
7000,1, -16,0, 1,, A
7000,1, -32,0, 1,, A
7000,1, -48,0, 1,, A
7000,1, -64,0, 1,, A
7000,1, -80,0, 1,, A
7000,1, -96,0, 1,, A
7000,1, -112,0, 1,, A
7000,1, -128,0, 1,, A
7000,1, -144,0, 1,, A
7000,1, -160,0, 1,, A
7000,1, -176,0, 1,, A
7000,1, -192,0, 1,, A
7000,1, -208,0, 1,, A
7000,1, -224,0, 1,, A
7000,1, -240,0, 1,, A
7000,1, -256,0, 1,, A
7000,1, -272,0, 1,, A
7000,1, -288,0, 1,, A
7000,1, -304,0, 1,, A
7000,1, -320,0, 1,, A
7000,1, -336,0, 1,, A
7000,1, -352,0, 1,, A
7000,1, -368,0, 1,, A
7000,1, -384,0, 1,, A
7000,1, -400,0, 1,, A
7000,1, -416,0, 1,, A
7000,1, -432,0, 1,, A
7000,1, -448,0, 1,, A
7000,1, -464,0, 1,, A
7000,1, -480,0, 1,, A
7000,1, -496,0, 1,, A
7000,1, -512,0, 1,, A
7000,1, -528,0, 1,, A
7000,1, -544,0, 1,, A
7000,1, -560,0, 1,, A
7000,1, -576,0, 1,, A
7000,1, -592,0, 1,, A
7000,1, -608,0, 1,, A
7000,1, -624,0, 1,, A
7000,1, -640,0, 1,, A


; 2002 UM HSDM Tile 3-5
[Begin Action 7002]
7000,2, 0,0, 1,, A
7000,2, -8,0, 1,, A
7000,2, -16,0, 1,, A
7000,2, -24,0, 1,, A
7000,2, -32,0, 1,, A
7000,2, -40,0, 1,, A
7000,2, -48,0, 1,, A
7000,2, -56,0, 1,, A
7000,2, -64,0, 1,, A
7000,2, -72,0, 1,, A
7000,2, -80,0, 1,, A
7000,2, -88,0, 1,, A
7000,2, -96,0, 1,, A
7000,2, -104,0, 1,, A
7000,2, -112,0, 1,, A
7000,2, -120,0, 1,, A
7000,2, -128,0, 1,, A
7000,2, -136,0, 1,, A
7000,2, -144,0, 1,, A
7000,2, -152,0, 1,, A
7000,2, -160,0, 1,, A
7000,2, -168,0, 1,, A
7000,2, -176,0, 1,, A
7000,2, -184,0, 1,, A
7000,2, -192,0, 1,, A
7000,2, -200,0, 1,, A
7000,2, -208,0, 1,, A
7000,2, -216,0, 1,, A
7000,2, -224,0, 1,, A
7000,2, -232,0, 1,, A
7000,2, -240,0, 1,, A
7000,2, -248,0, 1,, A
7000,2, -256,0, 1,, A
7000,2, -264,0, 1,, A
7000,2, -272,0, 1,, A
7000,2, -280,0, 1,, A
7000,2, -288,0, 1,, A
7000,2, -296,0, 1,, A
7000,2, -304,0, 1,, A
7000,2, -312,0, 1,, A
7000,2, -320,0, 1,, A
7000,2, -328,0, 1,, A
7000,2, -336,0, 1,, A
7000,2, -344,0, 1,, A
7000,2, -352,0, 1,, A
7000,2, -360,0, 1,, A
7000,2, -368,0, 1,, A
7000,2, -376,0, 1,, A
7000,2, -384,0, 1,, A
7000,2, -392,0, 1,, A
7000,2, -400,0, 1,, A
7000,2, -408,0, 1,, A
7000,2, -416,0, 1,, A
7000,2, -424,0, 1,, A
7000,2, -432,0, 1,, A
7000,2, -440,0, 1,, A
7000,2, -448,0, 1,, A
7000,2, -456,0, 1,, A
7000,2, -464,0, 1,, A
7000,2, -472,0, 1,, A
7000,2, -480,0, 1,, A
7000,2, -488,0, 1,, A
7000,2, -496,0, 1,, A
7000,2, -504,0, 1,, A
7000,2, -512,0, 1,, A
7000,2, -520,0, 1,, A
7000,2, -528,0, 1,, A
7000,2, -536,0, 1,, A
7000,2, -544,0, 1,, A
7000,2, -552,0, 1,, A
7000,2, -560,0, 1,, A
7000,2, -568,0, 1,, A
7000,2, -576,0, 1,, A
7000,2, -584,0, 1,, A
7000,2, -592,0, 1,, A
7000,2, -600,0, 1,, A
7000,2, -608,0, 1,, A
7000,2, -616,0, 1,, A
7000,2, -624,0, 1,, A
7000,2, -632,0, 1,, A
7000,2, -640,0, 1,, A


; 2002 UM HSDM Tile 4
[Begin Action 7003]
7000,3, 0,0, 1
7000,3, -4,0, 1
7000,3, -8,0, 1
7000,3, -12,0, 1
7000,3, -16,0, 1
7000,3, -20,0, 1
7000,3, -24,0, 1
7000,3, -28,0, 1
7000,3, -32,0, 1
7000,3, -36,0, 1
7000,3, -40,0, 1
7000,3, -44,0, 1
7000,3, -48,0, 1
7000,3, -52,0, 1
7000,3, -56,0, 1
7000,3, -60,0, 1
7000,3, -64,0, 1
7000,3, -68,0, 1
7000,3, -72,0, 1
7000,3, -76,0, 1
7000,3, -80,0, 1
7000,3, -84,0, 1
7000,3, -88,0, 1
7000,3, -92,0, 1
7000,3, -96,0, 1
7000,3, -100,0, 1
7000,3, -104,0, 1
7000,3, -108,0, 1
7000,3, -112,0, 1
7000,3, -116,0, 1
7000,3, -120,0, 1
7000,3, -124,0, 1
7000,3, -128,0, 1
7000,3, -132,0, 1
7000,3, -136,0, 1
7000,3, -140,0, 1
7000,3, -144,0, 1
7000,3, -148,0, 1
7000,3, -152,0, 1
7000,3, -156,0, 1
7000,3, -160,0, 1
7000,3, -164,0, 1
7000,3, -168,0, 1
7000,3, -172,0, 1
7000,3, -176,0, 1
7000,3, -180,0, 1
7000,3, -184,0, 1
7000,3, -188,0, 1
7000,3, -192,0, 1
7000,3, -196,0, 1
7000,3, -200,0, 1
7000,3, -204,0, 1
7000,3, -208,0, 1
7000,3, -212,0, 1
7000,3, -216,0, 1
7000,3, -220,0, 1
7000,3, -224,0, 1
7000,3, -228,0, 1
7000,3, -232,0, 1
7000,3, -236,0, 1
7000,3, -240,0, 1
7000,3, -244,0, 1
7000,3, -248,0, 1
7000,3, -252,0, 1
7000,3, -256,0, 1
7000,3, -260,0, 1
7000,3, -264,0, 1
7000,3, -268,0, 1
7000,3, -272,0, 1
7000,3, -276,0, 1
7000,3, -280,0, 1
7000,3, -284,0, 1
7000,3, -288,0, 1
7000,3, -292,0, 1
7000,3, -296,0, 1
7000,3, -300,0, 1
7000,3, -304,0, 1
7000,3, -308,0, 1
7000,3, -312,0, 1
7000,3, -316,0, 1
7000,3, -320,0, 1
7000,3, -324,0, 1
7000,3, -328,0, 1
7000,3, -332,0, 1
7000,3, -336,0, 1
7000,3, -340,0, 1
7000,3, -344,0, 1
7000,3, -348,0, 1
7000,3, -352,0, 1
7000,3, -356,0, 1
7000,3, -360,0, 1
7000,3, -364,0, 1
7000,3, -368,0, 1
7000,3, -372,0, 1
7000,3, -376,0, 1
7000,3, -380,0, 1
7000,3, -384,0, 1
7000,3, -388,0, 1
7000,3, -392,0, 1
7000,3, -396,0, 1
7000,3, -400,0, 1
7000,3, -404,0, 1
7000,3, -408,0, 1
7000,3, -412,0, 1
7000,3, -416,0, 1
7000,3, -420,0, 1
7000,3, -424,0, 1
7000,3, -428,0, 1
7000,3, -432,0, 1
7000,3, -436,0, 1
7000,3, -440,0, 1
7000,3, -444,0, 1
7000,3, -448,0, 1
7000,3, -452,0, 1
7000,3, -456,0, 1
7000,3, -460,0, 1
7000,3, -464,0, 1
7000,3, -468,0, 1
7000,3, -472,0, 1
7000,3, -476,0, 1
7000,3, -480,0, 1
7000,3, -484,0, 1
7000,3, -488,0, 1
7000,3, -492,0, 1
7000,3, -496,0, 1
7000,3, -500,0, 1
7000,3, -504,0, 1
7000,3, -508,0, 1
7000,3, -512,0, 1
7000,3, -516,0, 1
7000,3, -520,0, 1
7000,3, -524,0, 1
7000,3, -528,0, 1
7000,3, -532,0, 1
7000,3, -536,0, 1
7000,3, -540,0, 1
7000,3, -544,0, 1
7000,3, -548,0, 1
7000,3, -552,0, 1
7000,3, -556,0, 1
7000,3, -560,0, 1
7000,3, -564,0, 1
7000,3, -568,0, 1
7000,3, -572,0, 1
7000,3, -576,0, 1
7000,3, -580,0, 1
7000,3, -584,0, 1
7000,3, -588,0, 1
7000,3, -592,0, 1
7000,3, -596,0, 1
7000,3, -600,0, 1
7000,3, -604,0, 1
7000,3, -608,0, 1
7000,3, -612,0, 1
7000,3, -616,0, 1
7000,3, -620,0, 1
7000,3, -624,0, 1
7000,3, -628,0, 1
7000,3, -632,0, 1
7000,3, -636,0, 1
7000,3, -640,0, 1


; Glass Break
[Begin Action 7004]
7001,0, 0,0, 2,, A1
7001,1, 0,0, 2,, A1
7001,2, 0,0, 1,, A1
7001,3, 0,0, 1,, A1
7001,4, 0,0, 2,, A1
7001,5, 0,0, 2,, A1
7001,6, 0,0, 2,, A1
7001,7, 0,0, 2,, A1
7001,8, 0,0, 2,, A1
7001,9, 0,0, 2,, A1
7001,10, 0,0, 2,, A1
7001,11, 0,0, 3,, A1


; 透明
[Begin Action 99999]
Clsn1: 1
  Clsn1[0] = -40, -90, 32, 70
-1,0, 0,0, -1


; 
[Begin Action 4331]
5030,0, 0,0, 2
5030,10, 0,0, 2
5030,20, 0,0, 2
5030,30, 0,0, 2
5030,40, 0,0, 2
5030,50, 0,0, 2
Loopstart
5002,0, 0,0, 2,V
5012,0, 0,0, 2,V
5012,0, 0,0, 2,VH
5002,0, 0,0, 2,VH


; 
[Begin Action 14003]
4002,0, -40,-208, 1,H, A
4002,0, -30,-208, 1,H, A
4001,0, -18,-210, 1,H, A
4001,0, -4,-210, 1,H, A
4002,0, 12,-212, 1,H, A
4002,0, 30,-212, 1,H, A
4001,0, 46,-210, 1,H, A
4001,0, 60,-210, 1,H, A
4002,0, 72,-208, 1,H, A
4002,0, 82,-208, 1,H, A
4001,0, 90,-204, 1,H, A
4001,0, 96,-200, 1,H, A
4002,0, 100,-196, 1,H, A


; 
[Begin Action 14004]
4002,0, 104,-190, 1,H, A
4002,0, 106,-184, 1,H, A
4001,0, 106,-178, 1,H, A
4001,0, 104,-174, 1,H, A
4002,0, 100,-170, 1,H, A
4002,1, 96,-168, 1,H, A
4001,1, 90,-164, 1,H, A
4002,1, 82,-160, 1,H, A
4002,1, 72,-160, 1,H, A
4001,1, 60,-158, 1,H, A
4001,1, 46,-158, 1,H, A
4002,1, 30,-156, 1,H, A
4002,1, 12,-156, 1,H, A


; 
[Begin Action 14002]
4001,1, -4,-158, 1,H, A
4001,1, -18,-158, 1,H, A
4002,1, -30,-160, 1,H, A
4002,1, -40,-160, 1,H, A
4001,1, -46,-170, 1,H, A
4001,1, -50,-172, 1,H, A
4002,1, -54,-174, 1,H, A
4002,1, -56,-178, 1,H, A
4002,1, -56,-184, 1,H, A
4001,1, -56,-190, 1,H, A
4001,1, -54,-196, 1,H, A
4002,1, -50,-200, 1,H, A
4002,0, -46,-204, 1,H, A


;0
[Begin Action 4000]
Clsn2Default: 1
  Clsn2[0] = -18, -187, 34, 0
220,0, 0,0, 34
220,1, 0,0, 3
220,2, 0,0, 3
Clsn1: 1
  Clsn1[0] = 25, -187, 123, -81
220,3, 0,0, 3
Clsn1: 1
  Clsn1[0] = 15, -184, 113, -78
220,4, 0,0, 3
220,5, 0,0, 5


; バックステップ
[Begin Action 4005]
10,0, 0,0, 1
105,0, 0,0, 1
Loopstart
105,1, 0,0, 2
105,2, 0,0, 2
105,0, 0,0, 2


; 0
[Begin Action 4006]
1700,0, 0,0, 2
1700,1, 0,0, 2
1700,2, 0,0, 2
1700,3, 0,0, 2
1700,4, 0,0, 2
1700,4, 0,0, 2
1700,4, 0,0, 2
1700,4, 0,0, 2
1700,4, 0,0, 2
1700,4, 0,0, 2
1700,4, 0,0, 2
1700,4, 0,0, 2
1700,4, 0,0, 2
1700,4, 0,0, 2
1700,4, 0,0, 2
1700,4, 0,0, 2
1700,4, 0,0, 2
1700,4, 0,0, 2
1700,4, 0,0, 2
1700,4, 0,0, 2
1700,4, 0,0, 2
1700,4, 0,0, 2
1700,4, 0,0, 2
1700,4, 0,0, 2
1700,4, 0,0, 2
1700,4, 0,0, 2
210,0, 0,0, 3
210,1, 0,0, 3
210,2, 0,0, 3
3000,0, 0,0, 3
3000,1, 0,0, 3
3000,2, 0,0, 3
3000,3, 0,0, 3
3000,4, 0,0, 3
3000,5, 0,0, 3
3000,6, 0,0, 3
3000,7, 0,0, 3
3000,8, 0,0, 3
3000,5, 0,0, 3
3000,6, 0,0, 3
3000,7, 0,0, 3
3000,8, 0,0, 3
3000,9, 0,0, 3
3000,10, 0,0, 3
3000,11, 0,0, 3
3000,12, 0,0, 3
3000,13, 0,0, 10
5120,2, 0,0, 3
5120,3, 0,0, 3
5120,4, 0,0, 3
3600,4, 0,0, 3
3600,3, 0,0, 3
3600,2, 0,0, 3
3600,0, 0,0, 3
3600,1, 0,0, 3
3600,2, 0,0, 3
3600,0, 0,0, 3
3600,1, 0,0, 3
3600,2, 0,0, 3
3600,0, 0,0, 3
3600,1, 0,0, 3
3600,2, 0,0, 3
3600,0, 0,0, 3
3600,1, 0,0, 3
3600,2, 0,0, 3
3600,0, 0,0, 3
3600,1, 0,0, 3
3600,2, 0,0, 3
3600,0, 0,0, 3
3600,1, 0,0, 3
3600,2, 0,0, 3
3600,0, 0,0, 3
3600,1, 0,0, 3
3600,2, 0,0, 3
3600,0, 0,0, 3
3600,1, 0,0, 3
3600,2, 0,0, 3
3600,0, 0,0, 3
3600,1, 0,0, 3
3600,2, 0,0, 3
3600,0, 0,0, 3
3600,1, 0,0, 3
3600,2, 0,0, 3
3600,0, 0,0, 3
3600,1, 0,0, 3
3600,2, 0,0, 3
3600,0, 0,0, 3
3600,1, 0,0, 3
3600,2, 0,0, 3
3600,0, 0,0, 3
3600,1, 0,0, 3
3600,2, 0,0, 3
3600,3, 0,0, 3
3600,4, 0,0, 4
230,0, 0,0, 4


; 
[Begin Action 3702]
5000,0, 0,0, -1


; 
[Begin Action 3703]
5000,0, 0,0, 1
5000,10, 0,0, 2
5000,20, 0,0, 3
5000,10, 0,0, 4
5000,0, 0,0, -1


;
[Begin Action 10000]
0,50, 0,0, 1


; 
[Begin Action 3790]
3765,8, 0,0, -1


; 一撃背景-白
[Begin Action 7821]
7820,1, 0,0, 3,, AS56D256
7820,1, 0,0, 3,, AS76D256
7820,1, 0,0, 3,, AS86D256
7820,1, 0,0, 3,, AS96D256
7820,1, 0,0, 3,, AS106D256
7820,1, 0,0, 3,, AS116D256
7820,1, 0,0, 3,, AS126D256
7820,1, 0,0, 3,, AS136D256
7820,1, 0,0, 3,, AS146D256
7820,1, 0,0, 3,, AS156D256
7820,1, 0,0, 3,, AS166D256
7820,1, 0,0, 3,, AS176D256
7820,1, 0,0, 3,, AS186D256
7820,1, 0,0, 3,, AS196D256
7820,1, 0,0, 3,, AS206D256
7820,1, 0,0, 3,, AS216D256
7820,1, 0,0, 3,, AS226D256
7820,1, 0,0, 3,, AS236D256
7820,1, 0,0, 3,, AS246D256
7820,1, 0,0, 16,, AS256D256
7820,1, 0,0, 3,, AS246D256
7820,1, 0,0, 3,, AS236D256
7820,1, 0,0, 3,, AS226D256
7820,1, 0,0, 3,, AS216D256
7820,1, 0,0, 3,, AS206D256
7820,1, 0,0, 3,, AS196D256
7820,1, 0,0, 3,, AS186D256
7820,1, 0,0, 3,, AS176D256
7820,1, 0,0, 3,, AS166D256
7820,1, 0,0, 3,, AS156D256
7820,1, 0,0, 3,, AS146D256
7820,1, 0,0, 3,, AS136D256
7820,1, 0,0, 3,, AS126D256
7820,1, 0,0, 3,, AS116D256
7820,1, 0,0, 3,, AS106D256
7820,1, 0,0, 3,, AS96D256
7820,1, 0,0, 3,, AS86D256
7820,1, 0,0, 3,, AS76D256
7820,1, 0,0, 3,, AS66D256
7820,1, 0,0, 3,, AS56D256
7820,1, 0,0, 3,, AS46D256
7820,1, 0,0, 3,, AS36D256
7820,1, 0,0, 3,, AS26D256
7820,1, 0,0, 3,, AS16D256
7820,1, 0,0, 3,, AS6D256


; 
[Begin Action 3706]
3750,0, 0,0, 2
3750,1, 0,0, 2
3750,2, 0,0, 2
3750,3, 0,0, 2
3750,4, 0,0, 2
3750,5, 0,0, 2
3750,6, 0,0, 2
3750,7, 0,0, 2
3750,8, 0,0, 2
3750,9, 0,0, 2
3750,10, 0,0, 2
3750,11, 0,0, 2
3750,12, 0,0, 2
3750,13, 0,0, 2
3750,14, 0,0, 2
3750,15, 0,0, 2
3750,16, 0,0, 2
Loopstart
3750,14, 0,0, 1,, AS256D256
3750,14, 0,0, 1,, AS240D256
3750,14, 0,0, 1,, AS224D256
3750,14, 0,0, 1,, AS208D256
3750,14, 0,0, 1,, AS192D256
3750,14, 0,0, 1,, AS176D256
3750,14, 0,0, 1,, AS160D256
3750,14, 0,0, 1,, AS144D256
3750,14, 0,0, 1,, AS128D256
3750,14, 0,0, 1,, AS112D256
3750,14, 0,0, 1,, AS96D256
3750,14, 0,0, 1,, AS80D256
3750,14, 0,0, 1,, AS64D256
3750,14, 0,0, 1,, AS48D256
3750,14, 0,0, 1,, AS32D256
3750,14, 0,0, 1,, AS16D256
3750,14, 0,0, 1,, AS0D256
3750,14, 0,0, 1,, AS0D256
3750,14, 0,0, 1,, AS16D256
3750,14, 0,0, 1,, AS32D256
3750,14, 0,0, 1,, AS48D256
3750,14, 0,0, 1,, AS64D256
3750,14, 0,0, 1,, AS80D256
3750,14, 0,0, 1,, AS96D256
3750,14, 0,0, 1,, AS112D256
3750,14, 0,0, 1,, AS128D256
3750,14, 0,0, 1,, AS144D256
3750,14, 0,0, 1,, AS160D256
3750,14, 0,0, 1,, AS176D256
3750,14, 0,0, 1,, AS192D256
3750,14, 0,0, 1,, AS208D256
3750,14, 0,0, 1,, AS224D256
3750,14, 0,0, 1,, AS240D256
3750,14, 0,0, 1,, AS256D256


; 
[Begin Action 3707]
3757,0, 0,0, 3
3757,1, 0,0, 3
3757,2, 0,0, 3
3757,3, 0,0, 3
3757,4, 0,0, 3
3757,5, 0,0, 3
3757,6, 0,0, 3
3757,7, 0,0, 3
3757,8, 0,0, 16
3757,9, 0,0, 3
3757,10, 0,0, 3
3757,11, 0,0, 3
3757,12, 0,0, -1


; 
[Begin Action 3708]
3758,0, 0,0, 3
3758,1, 0,0, 3
3758,2, 0,0, 3
3758,3, 0,0, 3
3758,4, 0,0, 3
3758,5, 0,0, 3
3758,6, 0,0, 3
3758,7, 0,0, 3
3758,8, 0,0, 10
3758,9, 0,0, 3
3758,10, 0,0, 3
3758,11, 0,0, 3
3758,12, 0,0, -1


; 
[Begin Action 3704]
3754,0, 0,0, 72


; 
[Begin Action 3745]
3761,0, 0,0, 17,, A1
3761,0, 0,0, 1,, A1
3761,1, 0,0, 6,, A1
3761,1, 0,0, 1,, A1
3761,2, 0,0, 3,, A1
3761,2, 0,0, 1,, A1
3761,3, 0,0, 3,, A1
3761,3, 0,0, 1,, A1
3761,4, 0,0, 3,, A1
3761,4, 0,0, 1,, A1
3761,5, 0,0, 3,, A1
3761,5, 0,0, 1,, A1
3761,6, 0,0, 3,, A1
3761,6, 0,0, 1,, A1
3761,6, 0,0, 3,, A1
3761,6, 0,0, 1,, A1
3761,6, 0,0, 3,, A1
3761,6, 0,0, 1,, A1
3761,6, 0,0, 18,, A1
3761,7, 0,0, 12,, A1


; 
[Begin Action 3765]
-1,0, 0,0, 53,, AS160D256
3765,0, 0,0, 1,, AS160D256
3765,1, 0,0, 1,, AS160D256
3765,2, 0,0, 1,, AS160D256
3765,3, 0,0, 1,, AS160D256
3765,4, 0,0, 1,, AS160D256
3765,5, 0,0, 1,, AS160D256
3765,6, 0,0, 1,, AS160D256
3765,7, 0,0, 1,, AS160D256
3765,8, 0,0, 10,, AS160D256
3765,10, 0,0, 2
Loopstart
3765,11, 0,0, 3
3765,12, 0,0, 3
3765,13, 0,0, 3


; 
[Begin Action 3787]
-3009,0, 0,0, 17,, AS224D256
3765,8, 0,0, 1,, AS224D256
-3009,1, 0,0, 6,, AS224D256
3765,8, 0,0, 1,, AS224D256
-3009,2, 0,0, 3,, AS224D256
3765,8, 0,0, 1,, AS224D256
-3009,3, 0,0, 3,, AS224D256
3765,8, 0,0, 1,, AS224D256
-3009,4, 0,0, 3,, AS224D256
3765,8, 0,0, 1,, AS224D256
-3009,5, 0,0, 3,, AS224D256
3765,8, 0,0, 1,, AS224D256
-3009,6, 0,0, 3,, AS224D256
3765,8, 0,0, 1,, AS224D256
-3009,6, 0,0, 3,, AS224D256
3765,8, 0,0, 1,, AS224D256
-3009,6, 0,0, 3,, AS224D256
3765,8, 0,0, 1,, AS224D256
-3009,6, 0,0, 10,, AS224D256
-3009,7, 0,0, 12,, AS224D256


;
[Begin Action 3710]
3760,0, 0,0, 1
3760,1, 0,0, 1
3760,2, 0,0, 1
3760,3, 0,0, 1
3760,4, 0,0, 1
3760,5, 0,0, 1
3760,6, 0,0, 1
3760,7, 0,0, 1


; 
[Begin Action 3715]
3765,8, 0,0, -1


; 
[Begin Action 3770]
-1,-1, 0,0, 53,, A1
Loopstart
3770,0, 0,0, 1,, A1
3770,1, 0,0, 1,, A1
3770,2, 0,0, 1,, A1
3770,3, 0,0, 1,, A1
3770,4, 0,0, 1,, A1
3770,5, 0,0, 1,, A1


; 
[Begin Action 3775]
-1,-1, 0,0, 53,, A1
Loopstart
3775,0, 0,0, 1,, A1
3775,1, 0,0, 1,, A1
3775,2, 0,0, 1,, A1
3775,3, 0,0, 1,, A1
3775,4, 0,0, 1,, A1
3775,5, 0,0, 1,, A1


; 
[Begin Action 3780]
-1,-1, 0,0, 71,, A1
Loopstart
3780,0, 0,0, 3,, A1
3780,1, 0,0, 3,, A1


; 
[Begin Action 3720]
3720,0, 0,0, 1
3720,1, 0,0, 1
3720,2, 0,0, 1
3720,3, 0,0, 1
3720,4, 0,0, 1
3720,5, 0,0, 1
3720,6, 0,0, 1
3720,7, 0,0, 1
3720,8, 0,0, 1
3720,9, 0,0, 1
3720,10, 0,0, 1
3720,11, 0,0, 1
3720,12, 0,0, 1
3720,13, 0,0, 1
3720,14, 0,0, 1
3720,15, 0,0, 1
3720,16, 0,0, 1
3720,17, 0,0, 1
3720,18, 0,0, 1
3720,19, 0,0, 1
3720,20, 0,0, 1
3720,21, 0,0, 1
3720,22, 0,0, 1
3720,23, 0,0, 1
3720,24, 0,0, 1
3720,25, 0,0, 1
3720,26, 0,0, 1
3720,27, 0,0, 1
3720,28, 0,0, 1
3720,29, 0,0, 1
3720,30, 0,0, 1
3720,31, 0,0, 1
3720,32, 0,0, 1
3720,33, 0,0, 1
3720,34, 0,0, 1
3720,37, 0,0, 1
3720,36, 0,0, 1
3720,37, 0,0, 1
3720,38, 0,0, 1


;0
[Begin Action 4003]
1,0, 0,0, 5
1,1, 0,0, 5
1,2, 0,0, 60


;0
[Begin Action 4200]
Clsn2Default: 1
  Clsn2[0] = -30, -212, 40, 1
1,0, 0,0, 6
1,1, 0,0, 6
1,2, 0,0, 28
Clsn1: 1
  Clsn1[0] = -33, -212, 47, -4
1,2, 0,0, 24
1,2, 0,0, 22


;0
[Begin Action 4205]
Clsn1Default: 1
  Clsn1[0] = -221, -222, 223, 216
4205,0, 0,0, 1
4205,1, 0,0, 2
4205,2, 0,0, 2
4205,3, 0,0, 2
4205,4, 0,0, 2
4205,5, 0,0, 2
4205,6, 0,0, 2
4205,7, 0,0, 2
4205,8, 0,0, 2
4205,9, 0,0, 2
4205,10, 0,0, 2
4205,11, 0,0, 2
4205,12, 0,0, 1


; 暗琉天破(成功)
[Begin Action 4210]
1,2, 0,0, 253
1,1, 0,0, 3
1,0, 0,0, 3
190,0, 0,0, 3
190,1, 0,0, 3
190,2, 0,0, 3
190,2, 0,0, 3
190,2, 0,0, 3
190,2, 0,0, 3
190,2, 0,0, 3
1700,0, 0,0, 3
1700,1, 0,0, 3
1700,2, 0,0, 3
1700,3, 0,0, 3
1700,4, 0,0, 3
1700,4, 0,0, 3
1700,4, 0,0, 3
1700,4, 0,0, 4
1700,4, 0,0, 4
1700,4, 0,0, 4
1700,4, 0,0, 4
1700,4, 0,0, 25
210,0, 0,0, 3
210,1, 0,0, 3
210,2, 0,0, 3
3000,0, 0,0, 3
3000,1, 0,0, 3
3000,2, 0,0, 3
3000,3, 0,0, 3
3000,4, 0,0, 3
3000,5, 0,0, 3
3000,6, 0,0, 3
3000,7, 0,0, 3
3000,8, 0,0, 3
3000,5, 0,0, 3
3000,6, 0,0, 3
3000,7, 0,0, 3
3000,8, 0,0, 3
3000,5, 0,0, 3
3000,6, 0,0, 3
3000,7, 0,0, 3
3000,8, 0,0, 3
3000,5, 0,0, 3
3000,6, 0,0, 3
3000,7, 0,0, 3
3000,8, 0,0, 3
3000,5, 0,0, 3
3000,6, 0,0, 3
3000,7, 0,0, 3
3000,8, 0,0, 3
3000,5, 0,0, 3
3000,6, 0,0, 3
3000,7, 0,0, 3
3000,8, 0,0, 3
3000,9, 0,0, 3
3000,10, 0,0, 3
3000,11, 0,0, 3
3000,12, 0,0, 3
3000,13, 0,0, 3
5120,3, 0,0, 3
1710,0, 0,0, 3
1710,1, 0,0, 3
1710,2, 0,0, 3
1710,3, 0,0, 2
1710,4, 0,0, 2
1710,4, 0,0, 2
1710,4, 0,0, 2
1710,4, 0,0, 2
1710,4, 0,0, 2
1710,4, 0,0, 2
1710,4, 0,0, 2
1710,4, 0,0, 2
1710,4, 0,0, 2
1710,4, 0,0, 2
1710,4, 0,0, 2
1710,4, 0,0, 2
1710,4, 0,0, 2
1710,4, 0,0, 2
1710,4, 0,0, 2
1710,4, 0,0, 2
1710,4, 0,0, 2
1710,4, 0,0, 2
1710,4, 0,0, 2
1710,4, 0,0, 2
1710,4, 0,0, 2
1710,4, 0,0, 2
1710,4, 0,0, 2
1710,4, 0,0, 2
1710,4, 0,0, 2
1710,4, 0,0, 2
1710,4, 0,0, 2
1710,4, 0,0, 2
1710,4, 0,0, -1


;0
[Begin Action 4211]
1710,4, 0,0, 105
1720,0, 0,0, 2
1720,1, 0,0, 2
1720,2, 0,0, 2
1720,3, 0,0, 2
1720,4, 0,0, 2


; 暗琉天破:相手
[Begin Action 4220]
5010,0, 0,0, 298
5010,10, 0,0, 5
5010,20, 0,0, 15
5010,10, 0,0, 5
5010,0, 0,0, -1


; 暗琉天破:相手(落下)
[Begin Action 4221]
5002,20, -20,0, 2,V
5012,0, 0,0, 2,VH
5002,20, 20,0, 2,VH
5012,0, 0,0, 2,V


;
[Begin Action 4014]
4014,0, 0,0, 3
4014,1, 0,0, 3
4014,2, 0,0, 3
4014,3, 0,0, 3
4014,4, 0,0, 3
4014,5, 0,0, 3
4014,6, 0,0, 3
4014,7, 0,0, 3


;0
[Begin Action 3400]
Clsn2Default: 1
  Clsn2[0] = -19, -199, 51, 4
1900,0, 0,0, 40
250,0, 0,0, 2
250,1, 0,0, 2
Clsn1: 1
  Clsn1[0] = -7, -289, 188, 5
250,2, 0,0, 5
250,3, 0,0, 2
250,4, 0,0, 2
250,5, 0,0, 2
265,0, 0,0, 2
265,1, 0,0, 2
Clsn1: 1
  Clsn1[0] = -47, -293, 194, -2
265,2, 0,0, 8
265,3, 0,0, 2
265,4, 0,0, 2
240,0, 0,0, 2
260,0, 0,0, 2
260,1, 0,0, 2
260,2, 0,0, 2
260,3, 0,0, 2
260,4, 0,0, 2
Clsn1: 1
  Clsn1[0] = -24, -292, 197, 0
260,5, 0,0, 8
260,6, 0,0, 3


; 
[Begin Action 3410]
Clsn2Default: 1
  Clsn2[0] = -16, -187, 54, 7
1900,0, 0,0, 3
1900,1, 0,0, 2
Clsn1: 1
  Clsn1[0] = 1, -248, 180, -8
1900,2, 0,0, 3
Clsn1: 1
  Clsn1[0] = 0, -280, 172, 11
1900,3, 0,0, 3
Clsn1: 1
  Clsn1[0] = -16, -298, 180, 3
1900,4, 0,0, 2
1900,5, 0,0, 2
1900,6, 0,0, 7
1900,7, 0,0, 2
1900,8, 0,0, 2
1900,9, 0,0, -1


;0
[Begin Action 3405]
3405,0, 0,0, 3
3405,1, 0,0, 3
3405,2, 0,0, 3
3405,3, 0,0, 3
3405,4, 0,0, 3


;0
[Begin Action 3600]
Clsn2Default: 1
  Clsn2[0] = -19, -199, 51, 4
1900,0, 0,0, 40
245,0, 0,0, 1
245,1, 0,0, 1
245,2, 0,0, 1
245,3, 0,0, 3
Clsn1: 1
  Clsn1[0] = -26, -290, 203, 8
245,4, 0,0, 2
Clsn1: 1
  Clsn1[0] = -34, -290, 203, 8
245,5, 0,0, 2
245,6, 0,0, 1
245,7, 0,0, 1
245,8, 0,0, 1
245,9, 0,0, 1
250,0, 0,0, 2
250,1, 0,0, 2
Clsn1: 1
  Clsn1[0] = -7, -289, 203, 5
250,2, 0,0, 5
250,3, 0,0, 2
250,4, 0,0, 2
250,5, 0,0, 2
265,0, 0,0, 2
265,1, 0,0, 2
Clsn1: 1
  Clsn1[0] = -39, -293, 202, -2
265,2, 0,0, 8
265,3, 0,0, 2
265,4, 0,0, 2
255,0, 0,0, 2
255,1, 0,0, 2
Clsn1: 1
  Clsn1[0] = -34, -290, 203, 8
255,2, 0,0, 4
255,3, 0,0, 1
255,0, 0,0, 2
260,0, 0,0, 2
260,1, 0,0, 2
260,2, 0,0, 2
260,3, 0,0, 2
260,4, 0,0, 2
Clsn1: 1
  Clsn1[0] = -24, -292, 197, 0
260,5, 0,0, 8
260,6, 0,0, 3


; 
[Begin Action 3610]
Clsn2Default: 1
  Clsn2[0] = -16, -187, 54, 7
1900,0, 0,0, 3
1900,1, 0,0, 2
Clsn1: 1
  Clsn1[0] = -8, -279, 190, -8
1900,2, 0,0, 2
Clsn1: 1
  Clsn1[0] = -57, -292, 201, 9
1900,3, 0,0, 3
Clsn1: 1
  Clsn1[0] = -62, -320, 212, 11
1900,4, 0,0, 2
1900,5, 0,0, 2
1900,5, 0,0, 2
1900,5, 0,0, 2
1900,6, 0,0, 2
1900,6, 0,0, 2
1900,6, 0,0, 2
1900,6, 0,0, 2
1900,6, 0,0, 2
1900,7, 0,0, 2
1900,8, 0,0, 2
1900,9, 0,0, 2
1900,10, 0,0, 2
Clsn1: 1
  Clsn1[0] = -63, -290, 212, 9
1900,11, 0,0, 2
Clsn1: 1
  Clsn1[0] = -60, -312, 208, 8
1900,12, 0,0, 3
1900,13, 0,0, 2
1900,13, 0,0, 2
1900,13, 0,0, 2
1900,13, 0,0, 2
1900,14, 0,0, 3
1900,15, 0,0, 3
1900,16, 0,0, 3
Loopstart
1900,17, 0,0, 3
1900,17, 0,0, 3


; 0
[Begin Action 5999]
5010,10, 0,0, 9
5010,0, 0,0, 5
5300,0, 0,0, 4
5300,1, 0,0, 10
5300,2, 0,0, -1


;
[Begin Action 7007]
7007,3, 0,0, 3
7007,4, 0,0, 3
7007,5, 0,0, 3
7007,6, 0,0, 3
7007,7, 0,0, 3
7007,8, 0,0, 3


;0
[Begin Action 15999]
190,2, 0,0, 6


;
[Begin Action 16000]
181,0, 0,0, 70
181,1, 0,0, -1


;0
[Begin Action 16001]
Loopstart
181,2, 0,0, 4
181,3, 0,0, 4
181,4, 0,0, 4


; アドバンシングガード - プッシュヘルパー
[Begin Action 20610]
Clsn2: 1
  Clsn2[0] = -20, -461, 20, 368
-1,0, 0,0, -1


;0
[Begin Action 19015]
16000,0, 0,0, 1


; 
[Begin Action 19016]
16000,0, 0,0, 9,, A
16000,0, 0,0, -1,, A


;0
[Begin Action 19020]
16000,3, 0,0, -1


; 
[Begin Action 8050]
16000,6, 0,-1320, 1
16000,6, 0,-1240, 1
16000,6, 0,-1160, 1
16000,6, 0,-1080, 1
16000,6, 0,-960, 1
16000,6, 0,-880, 1
16000,6, 0,-800, 1
16000,6, 0,-720, 1
16000,6, 0,-640, 1
16000,6, 0,-560, 1
16000,6, 0,-480, 1
16000,6, 0,-400, 1
16000,6, 0,-320, 1
16000,6, 0,-240, 1
16000,6, 0,-160, 1
16000,6, 0,-80, 1
16000,6, 0,0, -1


; 0
[Begin Action 7137]
7136,0, 0,0, 3,, A
Loopstart
7136,1, 0,0, 3,, A
7136,2, 0,0, 3,, A
7136,3, 0,0, 3,, A
7136,1, 0,0, 3,, A
7136,2, 0,0, 3,, A
7136,3, 0,0, 3,, A


;0
[Begin Action 4400]
Clsn2Default: 1
  Clsn2[0] = -18, -187, 34, 0
220,0, 0,0, 4
220,1, 0,0, 3
220,2, 0,0, 3
Clsn1: 1
  Clsn1[0] = -66, -204, 123, 6
220,3, 0,0, 3
Clsn1: 1
  Clsn1[0] = 15, -184, 113, -78
220,4, 0,0, 3
220,5, 0,0, 5


;〓縦カットイン（シングル&チーム用1P）
[Begin Action 58900]
9000,1000, 850,0, 40
9000,1000, 850,-20, 1,, AS255D50
9000,1000, 820,-30, 1,, AS255D50
9000,1000, 790,-40, 1,, AS255D50
9000,1000, 760,-50, 1,, AS255D50
9000,1000, 730,-60, 1,, AS255D50
9000,1000, 700,-70, 1,, AS255D50
9000,1000, 670,-80, 1,, AS255D50
9000,1000, 640,-90, 1,, AS255D50
9000,1000, 610,-100, 1,, AS255D50
9000,1000, 580,-110, 1,, AS255D50
9000,1000, 550,-120, 1,, AS255D50
9000,1000, 520,-130, 1,, AS255D50
9000,1000, 490,-140, 1,, AS255D50
9000,1000, 460,-150, 1,, AS255D50
9000,1000, 430,-160, 1,, AS255D50
9000,1000, 400,-170, 1,, AS255D50
9000,1000, 370,-180, 1,, AS255D50
9000,1000, 340,-190, 1,, AS255D50
9000,1000, 325,-200, 1,, AS255D50
9000,1000, 310,-210, 1,, AS255D50
9000,1000, 295,-225, 1,, AS255D50
9000,1000, 280,-240, 1,, AS255D50
9000,1000, 265,-255, 1,, AS255D50
9000,1000, 250,-270, 1,, AS255D50
9000,1000, 235,-285, 1,, AS255D50
9000,1000, 220,-300, 1,, AS255D50
9000,1000, 205,-315, 1,, AS255D50
9000,1000, 190,-330, 1,, AS255D50
9000,1000, 175,-345, 1,, AS255D50
9000,1000, 160,-360, 1,, AS255D50
9000,1000, 145,-375, 1,, AS255D50
9000,1000, 130,-390, 1,, AS255D50
9000,1000, 115,-405, 1,, AS255D50
9000,1000, 100,-420, 1,, AS255D50
9000,1000, 85,-435, 1,, AS255D40
9000,1000, 70,-450, 1,, AS255D30
9000,1000, 55,-465, 1,, AS255D20
9000,1000, 40,-480, 120,, AS255D10
9000,1000, 40,-480, 2,, AS250D10
9000,1000, 40,-480, 2,, AS240D20
9000,1000, 40,-480, 2,, AS230D30
9000,1000, 40,-480, 2,, AS220D40
9000,1000, 40,-480, 2,, AS210D50
9000,1000, 40,-480, 2,, AS200D60
9000,1000, 40,-480, 2,, AS190D70
9000,1000, 40,-480, 2,, AS180D80
9000,1000, 40,-480, 2,, AS170D90
9000,1000, 40,-480, 2,, AS160D100
9000,1000, 40,-480, 2,, AS150D110
9000,1000, 40,-480, 2,, AS140D120
9000,1000, 40,-480, 2,, AS130D130
9000,1000, 40,-480, 2,, AS120D140
9000,1000, 40,-480, 2,, AS110D150
9000,1000, 40,-480, 2,, AS100D160
9000,1000, 40,-480, 2,, AS90D170
9000,1000, 40,-480, 2,, AS80D180
9000,1000, 40,-480, 2,, AS70D190
9000,1000, 40,-480, 2,, AS60D200
9000,1000, 40,-480, 2,, AS50D210
9000,1000, 40,-480, 2,, AS40D220
9000,1000, 40,-480, 2,, AS30D230
9000,1000, 40,-480, 2,, AS20D240
9000,1000, 40,-480, 2,, AS10D250
9000,300, 0,0, -1


;〓縦カットイン（シングル&チーム用2P）
[Begin Action 58901]
9000,1000, 870,-1000, 40
9000,1000, 850,-940, 1,, AS255D50
9000,1000, 820,-930, 1,, AS255D50
9000,1000, 790,-920, 1,, AS255D50
9000,1000, 760,-910, 1,, AS255D50
9000,1000, 730,-900, 1,, AS255D50
9000,1000, 700,-890, 1,, AS255D50
9000,1000, 670,-880, 1,, AS255D50
9000,1000, 640,-870, 1,, AS255D50
9000,1000, 610,-860, 1,, AS255D50
9000,1000, 580,-850, 1,, AS255D50
9000,1000, 550,-840, 1,, AS255D50
9000,1000, 520,-830, 1,, AS255D50
9000,1000, 490,-820, 1,, AS255D50
9000,1000, 460,-810, 1,, AS255D50
9000,1000, 430,-800, 1,, AS255D50
9000,1000, 400,-790, 1,, AS255D50
9000,1000, 370,-780, 1,, AS255D50
9000,1000, 340,-760, 1,, AS255D50
9000,1000, 325,-750, 1,, AS255D50
9000,1000, 310,-740, 1,, AS255D50
9000,1000, 295,-735, 1,, AS255D50
9000,1000, 280,-720, 1,, AS255D50
9000,1000, 265,-705, 1,, AS255D50
9000,1000, 250,-690, 1,, AS255D50
9000,1000, 235,-675, 1,, AS255D50
9000,1000, 220,-660, 1,, AS255D50
9000,1000, 205,-645, 1,, AS255D50
9000,1000, 190,-630, 1,, AS255D50
9000,1000, 175,-615, 1,, AS255D50
9000,1000, 160,-600, 1,, AS255D50
9000,1000, 145,-585, 1,, AS255D50
9000,1000, 130,-570, 1,, AS255D50
9000,1000, 115,-555, 1,, AS255D50
9000,1000, 100,-540, 1,, AS255D50
9000,1000, 85,-525, 1,, AS255D40
9000,1000, 70,-510, 1,, AS255D30
9000,1000, 55,-495, 1,, AS255D20
9000,1000, 40,-480, 120,, AS255D10
9000,1000, 40,-480, 2,, AS250D10
9000,1000, 40,-480, 2,, AS240D20
9000,1000, 40,-480, 2,, AS230D30
9000,1000, 40,-480, 2,, AS220D40
9000,1000, 40,-480, 2,, AS210D50
9000,1000, 40,-480, 2,, AS200D60
9000,1000, 40,-480, 2,, AS190D70
9000,1000, 40,-480, 2,, AS180D80
9000,1000, 40,-480, 2,, AS170D90
9000,1000, 40,-480, 2,, AS160D100
9000,1000, 40,-480, 2,, AS150D110
9000,1000, 40,-480, 2,, AS140D120
9000,1000, 40,-480, 2,, AS130D130
9000,1000, 40,-480, 2,, AS120D140
9000,1000, 40,-480, 2,, AS110D150
9000,1000, 40,-480, 2,, AS100D160
9000,1000, 40,-480, 2,, AS90D170
9000,1000, 40,-480, 2,, AS80D180
9000,1000, 40,-480, 2,, AS70D190
9000,1000, 40,-480, 2,, AS60D200
9000,1000, 40,-480, 2,, AS50D210
9000,1000, 40,-480, 2,, AS40D220
9000,1000, 40,-480, 2,, AS30D230
9000,1000, 40,-480, 2,, AS20D240
9000,1000, 40,-480, 2,, AS10D250
9000,300, 0,0, -1


;〓縦カットイン（タッグ用1P）
[Begin Action 58902]
9000,1000, 850,0, 40
9000,1000, 850,-20, 1,, AS255D50
9000,1000, 820,-30, 1,, AS255D50
9000,1000, 790,-40, 1,, AS255D50
9000,1000, 760,-50, 1,, AS255D50
9000,1000, 730,-60, 1,, AS255D50
9000,1000, 700,-70, 1,, AS255D50
9000,1000, 670,-80, 1,, AS255D50
9000,1000, 640,-90, 1,, AS255D50
9000,1000, 610,-100, 1,, AS255D50
9000,1000, 580,-110, 1,, AS255D50
9000,1000, 550,-120, 1,, AS255D50
9000,1000, 520,-130, 1,, AS255D50
9000,1000, 490,-140, 1,, AS255D50
9000,1000, 460,-150, 1,, AS255D50
9000,1000, 430,-160, 1,, AS255D50
9000,1000, 400,-170, 1,, AS255D50
9000,1000, 370,-180, 1,, AS255D50
9000,1000, 340,-190, 1,, AS255D50
9000,1000, 325,-200, 1,, AS255D50
9000,1000, 310,-210, 1,, AS255D50
9000,1000, 295,-225, 1,, AS255D50
9000,1000, 280,-240, 1,, AS255D50
9000,1000, 265,-255, 1,, AS255D50
9000,1000, 250,-270, 1,, AS255D50
9000,1000, 235,-285, 1,, AS255D50
9000,1000, 220,-300, 1,, AS255D50
9000,1000, 205,-315, 1,, AS255D50
9000,1000, 190,-330, 1,, AS255D50
9000,1000, 175,-345, 1,, AS255D50
9000,1000, 160,-360, 1,, AS255D50
9000,1000, 145,-375, 1,, AS255D50
9000,1000, 130,-390, 1,, AS255D50
9000,1000, 115,-405, 1,, AS255D50
9000,1000, 100,-420, 1,, AS255D50
9000,1000, 85,-435, 1,, AS255D40
9000,1000, 70,-450, 1,, AS255D30
9000,1000, 55,-465, 1,, AS255D20
9000,1000, 40,-480, 120,, AS255D10
9000,1000, 40,-480, 2,, AS250D10
9000,1000, 40,-480, 2,, AS240D20
9000,1000, 40,-480, 2,, AS230D30
9000,1000, 40,-480, 2,, AS220D40
9000,1000, 40,-480, 2,, AS210D50
9000,1000, 40,-480, 2,, AS200D60
9000,1000, 40,-480, 2,, AS190D70
9000,1000, 40,-480, 2,, AS180D80
9000,1000, 40,-480, 2,, AS170D90
9000,1000, 40,-480, 2,, AS160D100
9000,1000, 40,-480, 2,, AS150D110
9000,1000, 40,-480, 2,, AS140D120
9000,1000, 40,-480, 2,, AS130D130
9000,1000, 40,-480, 2,, AS120D140
9000,1000, 40,-480, 2,, AS110D150
9000,1000, 40,-480, 2,, AS100D160
9000,1000, 40,-480, 2,, AS90D170
9000,1000, 40,-480, 2,, AS80D180
9000,1000, 40,-480, 2,, AS70D190
9000,1000, 40,-480, 2,, AS60D200
9000,1000, 40,-480, 2,, AS50D210
9000,1000, 40,-480, 2,, AS40D220
9000,1000, 40,-480, 2,, AS30D230
9000,1000, 40,-480, 2,, AS20D240
9000,1000, 40,-480, 2,, AS10D250
9000,301, 0,0, -1


;〓縦カットイン（タッグ用2P）
[Begin Action 58903]
9000,1000, 870,-1000, 40
9000,1000, 850,-940, 1,, AS255D50
9000,1000, 820,-930, 1,, AS255D50
9000,1000, 790,-920, 1,, AS255D50
9000,1000, 760,-910, 1,, AS255D50
9000,1000, 730,-900, 1,, AS255D50
9000,1000, 700,-890, 1,, AS255D50
9000,1000, 670,-880, 1,, AS255D50
9000,1000, 640,-870, 1,, AS255D50
9000,1000, 610,-860, 1,, AS255D50
9000,1000, 580,-850, 1,, AS255D50
9000,1000, 550,-840, 1,, AS255D50
9000,1000, 520,-830, 1,, AS255D50
9000,1000, 490,-820, 1,, AS255D50
9000,1000, 460,-810, 1,, AS255D50
9000,1000, 430,-800, 1,, AS255D50
9000,1000, 400,-790, 1,, AS255D50
9000,1000, 370,-780, 1,, AS255D50
9000,1000, 340,-760, 1,, AS255D50
9000,1000, 325,-750, 1,, AS255D50
9000,1000, 310,-740, 1,, AS255D50
9000,1000, 295,-735, 1,, AS255D50
9000,1000, 280,-720, 1,, AS255D50
9000,1000, 265,-705, 1,, AS255D50
9000,1000, 250,-690, 1,, AS255D50
9000,1000, 235,-675, 1,, AS255D50
9000,1000, 220,-660, 1,, AS255D50
9000,1000, 205,-645, 1,, AS255D50
9000,1000, 190,-630, 1,, AS255D50
9000,1000, 175,-615, 1,, AS255D50
9000,1000, 160,-600, 1,, AS255D50
9000,1000, 145,-585, 1,, AS255D50
9000,1000, 130,-570, 1,, AS255D50
9000,1000, 115,-555, 1,, AS255D50
9000,1000, 100,-540, 1,, AS255D50
9000,1000, 85,-525, 1,, AS255D40
9000,1000, 70,-510, 1,, AS255D30
9000,1000, 55,-495, 1,, AS255D20
9000,1000, 40,-480, 120,, AS255D10
9000,1000, 40,-480, 2,, AS250D10
9000,1000, 40,-480, 2,, AS240D20
9000,1000, 40,-480, 2,, AS230D30
9000,1000, 40,-480, 2,, AS220D40
9000,1000, 40,-480, 2,, AS210D50
9000,1000, 40,-480, 2,, AS200D60
9000,1000, 40,-480, 2,, AS190D70
9000,1000, 40,-480, 2,, AS180D80
9000,1000, 40,-480, 2,, AS170D90
9000,1000, 40,-480, 2,, AS160D100
9000,1000, 40,-480, 2,, AS150D110
9000,1000, 40,-480, 2,, AS140D120
9000,1000, 40,-480, 2,, AS130D130
9000,1000, 40,-480, 2,, AS120D140
9000,1000, 40,-480, 2,, AS110D150
9000,1000, 40,-480, 2,, AS100D160
9000,1000, 40,-480, 2,, AS90D170
9000,1000, 40,-480, 2,, AS80D180
9000,1000, 40,-480, 2,, AS70D190
9000,1000, 40,-480, 2,, AS60D200
9000,1000, 40,-480, 2,, AS50D210
9000,1000, 40,-480, 2,, AS40D220
9000,1000, 40,-480, 2,, AS30D230
9000,1000, 40,-480, 2,, AS20D240
9000,1000, 40,-480, 2,, AS10D250
9000,301, 0,0, -1


;〓縦カットイン（タッグ用3P）
[Begin Action 58904]
9000,1000, 850,0, 50
9000,1000, 850,-20, 1,, AS255D50
9000,1000, 820,-30, 1,, AS255D50
9000,1000, 790,-40, 1,, AS255D50
9000,1000, 760,-50, 1,, AS255D50
9000,1000, 730,-60, 1,, AS255D50
9000,1000, 700,-70, 1,, AS255D50
9000,1000, 670,-80, 1,, AS255D50
9000,1000, 640,-90, 1,, AS255D50
9000,1000, 610,-100, 1,, AS255D50
9000,1000, 580,-110, 1,, AS255D50
9000,1000, 550,-120, 1,, AS255D50
9000,1000, 520,-130, 1,, AS255D50
9000,1000, 490,-140, 1,, AS255D50
9000,1000, 460,-150, 1,, AS255D50
9000,1000, 430,-160, 1,, AS255D50
9000,1000, 400,-170, 1,, AS255D50
9000,1000, 370,-180, 1,, AS255D50
9000,1000, 340,-190, 1,, AS255D50
9000,1000, 325,-200, 1,, AS255D50
9000,1000, 310,-210, 1,, AS255D50
9000,1000, 295,-225, 1,, AS255D50
9000,1000, 280,-240, 1,, AS255D50
9000,1000, 265,-255, 1,, AS255D50
9000,1000, 250,-270, 1,, AS255D50
9000,1000, 235,-285, 1,, AS255D50
9000,1000, 220,-300, 1,, AS255D50
9000,1000, 205,-315, 1,, AS255D50
9000,1000, 190,-330, 1,, AS255D50
9000,1000, 175,-345, 1,, AS255D50
9000,1000, 160,-360, 1,, AS255D50
9000,1000, 145,-375, 1,, AS255D50
9000,1000, 130,-390, 1,, AS255D50
9000,1000, 115,-405, 1,, AS255D50
9000,1000, 100,-420, 1,, AS255D50
9000,1000, 85,-435, 1,, AS255D40
9000,1000, 70,-450, 1,, AS255D30
9000,1000, 55,-465, 1,, AS255D20
9000,1000, 40,-480, 100,, AS255D10
9000,1000, 40,-480, 2,, AS250D10
9000,1000, 40,-480, 2,, AS240D20
9000,1000, 40,-480, 2,, AS230D30
9000,1000, 40,-480, 2,, AS220D40
9000,1000, 40,-480, 2,, AS210D50
9000,1000, 40,-480, 2,, AS200D60
9000,1000, 40,-480, 2,, AS190D70
9000,1000, 40,-480, 2,, AS180D80
9000,1000, 40,-480, 2,, AS170D90
9000,1000, 40,-480, 2,, AS160D100
9000,1000, 40,-480, 2,, AS150D110
9000,1000, 40,-480, 2,, AS140D120
9000,1000, 40,-480, 2,, AS130D130
9000,1000, 40,-480, 2,, AS120D140
9000,1000, 40,-480, 2,, AS110D150
9000,1000, 40,-480, 2,, AS100D160
9000,1000, 40,-480, 2,, AS90D170
9000,1000, 40,-480, 2,, AS80D180
9000,1000, 40,-480, 2,, AS70D190
9000,1000, 40,-480, 2,, AS60D200
9000,1000, 40,-480, 2,, AS50D210
9000,1000, 40,-480, 2,, AS40D220
9000,1000, 40,-480, 2,, AS30D230
9000,1000, 40,-480, 2,, AS20D240
9000,1000, 40,-480, 2,, AS10D250
9000,0, 40,1, -1


;〓縦カットイン（タッグ用4P）
[Begin Action 58905]
9000,1000, 870,-1000, 50
9000,1000, 850,-940, 1,, AS255D50
9000,1000, 820,-930, 1,, AS255D50
9000,1000, 790,-920, 1,, AS255D50
9000,1000, 760,-910, 1,, AS255D50
9000,1000, 730,-900, 1,, AS255D50
9000,1000, 700,-890, 1,, AS255D50
9000,1000, 670,-880, 1,, AS255D50
9000,1000, 640,-870, 1,, AS255D50
9000,1000, 610,-860, 1,, AS255D50
9000,1000, 580,-850, 1,, AS255D50
9000,1000, 550,-840, 1,, AS255D50
9000,1000, 520,-830, 1,, AS255D50
9000,1000, 490,-820, 1,, AS255D50
9000,1000, 460,-810, 1,, AS255D50
9000,1000, 430,-800, 1,, AS255D50
9000,1000, 400,-790, 1,, AS255D50
9000,1000, 370,-780, 1,, AS255D50
9000,1000, 340,-760, 1,, AS255D50
9000,1000, 325,-750, 1,, AS255D50
9000,1000, 310,-740, 1,, AS255D50
9000,1000, 295,-735, 1,, AS255D50
9000,1000, 280,-720, 1,, AS255D50
9000,1000, 265,-705, 1,, AS255D50
9000,1000, 250,-690, 1,, AS255D50
9000,1000, 235,-675, 1,, AS255D50
9000,1000, 220,-660, 1,, AS255D50
9000,1000, 205,-645, 1,, AS255D50
9000,1000, 190,-630, 1,, AS255D50
9000,1000, 175,-615, 1,, AS255D50
9000,1000, 160,-600, 1,, AS255D50
9000,1000, 145,-585, 1,, AS255D50
9000,1000, 130,-570, 1,, AS255D50
9000,1000, 115,-555, 1,, AS255D50
9000,1000, 100,-540, 1,, AS255D50
9000,1000, 85,-525, 1,, AS255D40
9000,1000, 70,-510, 1,, AS255D30
9000,1000, 55,-495, 1,, AS255D20
9000,1000, 40,-480, 100,, AS255D10
9000,1000, 40,-480, 2,, AS250D10
9000,1000, 40,-480, 2,, AS240D20
9000,1000, 40,-480, 2,, AS230D30
9000,1000, 40,-480, 2,, AS220D40
9000,1000, 40,-480, 2,, AS210D50
9000,1000, 40,-480, 2,, AS200D60
9000,1000, 40,-480, 2,, AS190D70
9000,1000, 40,-480, 2,, AS180D80
9000,1000, 40,-480, 2,, AS170D90
9000,1000, 40,-480, 2,, AS160D100
9000,1000, 40,-480, 2,, AS150D110
9000,1000, 40,-480, 2,, AS140D120
9000,1000, 40,-480, 2,, AS130D130
9000,1000, 40,-480, 2,, AS120D140
9000,1000, 40,-480, 2,, AS110D150
9000,1000, 40,-480, 2,, AS100D160
9000,1000, 40,-480, 2,, AS90D170
9000,1000, 40,-480, 2,, AS80D180
9000,1000, 40,-480, 2,, AS70D190
9000,1000, 40,-480, 2,, AS60D200
9000,1000, 40,-480, 2,, AS50D210
9000,1000, 40,-480, 2,, AS40D220
9000,1000, 40,-480, 2,, AS30D230
9000,1000, 40,-480, 2,, AS20D240
9000,1000, 40,-480, 2,, AS10D250
9000,0, 40,1, -1


;0
[Begin Action 1994]
2019,0, 0,0, 94
2019,1, 0,0, 280
2019,2, 0,0, 166
-1,-1, 0,0, -1


;
[Begin Action 1995]
2019,2, 0,0, 35


;0
[Begin Action 1994]
1994,0, 0,0, 2
1994,1, 0,0, 2
1994,1, 0,0, 2
1994,2, 0,0, 2
1994,3, 0,0, 2
1994,4, 0,0, 2
1994,5, 0,0, 2
1994,6, 0,0, 2
1994,7, 0,0, 2
1994,8, 0,0, 2
1994,9, 0,0, 2
1994,10, 0,0, 2
1994,11, 0,0, 2
1994,11, 0,0, 2
1994,12, 0,0, 2
1994,13, 0,0, 2
1994,14, 0,0, 2
1994,15, 0,0, 2
1994,16, 0,0, 2
1994,17, 0,0, 2
1994,18, 0,0, 2
1994,19, 0,0, 2
1994,20, 0,0, 2
1994,21, 0,0, 2
1994,21, 0,0, 2
1994,22, 0,0, 2
1994,23, 0,0, 2
1994,24, 0,0, 2
1994,25, 0,0, 2
1994,26, 0,0, 2
1994,27, 0,0, 2
1994,28, 0,0, 2
1994,29, 0,0, 2
1994,30, 0,0, 2
1994,31, 0,0, 2
1994,31, 0,0, 2
1994,32, 0,0, 2
1994,33, 0,0, 2
1994,34, 0,0, 2
1994,35, 0,0, 2
1994,36, 0,0, 2
1994,37, 0,0, 2
1994,38, 0,0, 2
1994,39, 0,0, 2
1994,40, 0,0, 2
1994,41, 0,0, 2
1994,41, 0,0, 2
1994,42, 0,0, 2
1994,43, 0,0, 2
1994,44, 0,0, 2
1994,45, 0,0, 2
1994,46, 0,0, 2
1994,47, 0,0, 2
1994,48, 0,0, 2
1994,49, 0,0, 2
1994,50, 0,0, 2
1994,51, 0,0, 2
1994,51, 0,0, 2
1994,52, 0,0, 2
1994,53, 0,0, 2
1994,54, 0,0, 2
1994,55, 0,0, 2
1994,56, 0,0, 2
1994,57, 0,0, 2
1994,58, 0,0, 2
1994,59, 0,0, 2
1994,60, 0,0, 2
1994,61, 0,0, 2
1994,61, 0,0, 2
1994,62, 0,0, 2
1994,63, 0,0, 2
1994,64, 0,0, 2
1994,65, 0,0, 2
1994,66, 0,0, 2
1994,67, 0,0, 2
1994,68, 0,0, 2
1994,69, 0,0, 2
1994,70, 0,0, 2
1994,71, 0,0, 2
1994,71, 0,0, 2
1994,72, 0,0, 2
1994,73, 0,0, 2
1994,74, 0,0, 2
1994,75, 0,0, 2
1994,76, 0,0, 2
1994,77, 0,0, 2
1994,78, 0,0, 2
1994,79, 0,0, 2
1994,80, 0,0, 2
1994,81, 0,0, 2
1994,81, 0,0, 2
1994,82, 0,0, 2
1994,83, 0,0, 2
1994,84, 0,0, 2
1994,85, 0,0, 2
1994,86, 0,0, 2
1994,87, 0,0, 2
1994,88, 0,0, 2
1994,89, 0,0, 2
1994,90, 0,0, 2
1994,91, 0,0, 2
1994,91, 0,0, 2
1994,92, 0,0, 2
1994,93, 0,0, 2
1994,94, 0,0, 2
1994,95, 0,0, 2
1994,96, 0,0, 2
1994,97, 0,0, 2
1994,98, 0,0, 2
1994,99, 0,0, 2
1994,100, 0,0, 2
1994,101, 0,0, 2
1994,101, 0,0, 2
1994,102, 0,0, 2
1994,103, 0,0, 2
1994,104, 0,0, 2
1994,105, 0,0, 2
1994,106, 0,0, 2
1994,107, 0,0, 2
1994,108, 0,0, 2
1994,109, 0,0, 2
1994,110, 0,0, 2
1994,111, 0,0, 2
1994,111, 0,0, 2
1994,112, 0,0, 2
1994,113, 0,0, 2
1994,114, 0,0, 2
1994,115, 0,0, 2
1994,116, 0,0, 2
1994,117, 0,0, 2
1994,118, 0,0, 2
1994,119, 0,0, 2
1994,120, 0,0, 2
1994,121, 0,0, 2
1994,121, 0,0, 2
1994,122, 0,0, 2
1994,123, 0,0, 2
1994,124, 0,0, 2
1994,125, 0,0, 2
1994,126, 0,0, 2
1994,127, 0,0, 2
1994,128, 0,0, 2
1994,129, 0,0, 2
1994,130, 0,0, 2
1994,131, 0,0, 2
1994,131, 0,0, 2
1994,132, 0,0, 2
1994,133, 0,0, 2
1994,134, 0,0, 2
1994,135, 0,0, 2
1994,136, 0,0, 2
1994,137, 0,0, 2
1994,138, 0,0, 2
1994,139, 0,0, 2
1994,140, 0,0, 2
1994,141, 0,0, 2
1994,141, 0,0, 2
1994,142, 0,0, 2
1994,143, 0,0, 2
1994,144, 0,0, 2
1994,145, 0,0, 2
1994,146, 0,0, 2
1994,147, 0,0, 2
1994,148, 0,0, 2
1994,149, 0,0, 2
1994,150, 0,0, 2
1994,151, 0,0, 2
1994,151, 0,0, 2
1994,152, 0,0, 2
1994,153, 0,0, 2
1994,154, 0,0, 2
1994,155, 0,0, 2
1994,156, 0,0, 2
1994,157, 0,0, 2
1994,158, 0,0, 2
1994,159, 0,0, 2
1994,160, 0,0, 2
1994,161, 0,0, 2
1994,161, 0,0, 2
1994,162, 0,0, 2
1994,163, 0,0, 2
1994,164, 0,0, 2
1994,165, 0,0, 2
1994,166, 0,0, 2
1994,167, 0,0, 2
1994,168, 0,0, 2
1994,169, 0,0, 2
1994,170, 0,0, 2
1994,171, 0,0, 2
1994,171, 0,0, 2
1994,172, 0,0, 2
1994,173, 0,0, 2
1994,174, 0,0, 2
1994,175, 0,0, 2
1994,176, 0,0, 2
1994,177, 0,0, 2
1994,178, 0,0, 2
1994,179, 0,0, 2
1994,180, 0,0, 2
1994,181, 0,0, 2
1994,181, 0,0, 2
1994,182, 0,0, 2
1994,183, 0,0, 2
1994,184, 0,0, 2
1994,185, 0,0, 2
1994,186, 0,0, 2
1994,187, 0,0, 2
1994,188, 0,0, 2
1994,189, 0,0, 2
1994,190, 0,0, 2
1994,191, 0,0, 2
1994,191, 0,0, 2
1994,192, 0,0, 2
1994,193, 0,0, 2
1994,194, 0,0, 2
1994,195, 0,0, 2
1994,196, 0,0, 2
1994,197, 0,0, 2
1994,198, 0,0, 2
1994,199, 0,0, 2
1994,200, 0,0, 100
-1,-1, 0,0, -1


;
[Begin Action 1995]
1994,169, 0,0, 1
1994,170, 0,0, 1
1994,171, 0,0, 1
1994,171, 0,0, 1
1994,172, 0,0, 1
1994,173, 0,0, 1
1994,174, 0,0, 1
1994,175, 0,0, 1
1994,176, 0,0, 1
1994,177, 0,0, 1
1994,178, 0,0, 1
1994,179, 0,0, 1
1994,180, 0,0, 1
1994,181, 0,0, 1
1994,181, 0,0, 1
1994,182, 0,0, 1
1994,183, 0,0, 1
1994,184, 0,0, 1
1994,185, 0,0, 1
1994,186, 0,0, 1
1994,187, 0,0, 1
1994,188, 0,0, 1
1994,189, 0,0, 1
1994,190, 0,0, 1
1994,191, 0,0, 1
1994,191, 0,0, 1
1994,192, 0,0, 1
1994,193, 0,0, 1
1994,194, 0,0, 1
1994,195, 0,0, 1
1994,196, 0,0, 1
1994,197, 0,0, 1
1994,198, 0,0, 1
1994,199, 0,0, 1
1994,200, 0,0, 1


;0
[Begin Action 271]
Clsn1Default: 1
  Clsn1[0] = -9999, -9999, 9999, 9999
Clsn2Default: 1
  Clsn2[0] = -26, -196, 25, 1
270,0, 0,0, 2
271,0, 0,0, 2
271,1, 0,0, 3
271,2, 0,0, 3
271,3, 0,0, 3
Clsn1: 1
  Clsn1[0] = 39, -199, 9998, 9782
271,4, 0,0, 4
271,3, 0,0, 12
230,0, 0,0, 2


;0
[Begin Action 196]
Clsn1Default: 1
  Clsn1[0] = -9999, -9999, 9999, 9999
270,0, 0,0, 6
271,0, 0,0, 6
271,1, 0,0, 30
271,0, 0,0, 4
270,0, 0,0, 10


;0
[Begin Action 272]
270,0, 0,0, 2
271,0, 0,0, 2
271,1, 0,0, 8
271,2, 0,0, 4
271,3, 0,0, 10
271,4, 0,0, 4
271,3, 0,0, 12
271,4, 0,0, 2
271,3, 0,0, 6
230,0, 0,0, 2

;===========================
;スコア表示 - 黒背景
[Begin Action 20000]
13410,10, 0,0, 12
13410,10, 0,0, 7,, AS192D64
13410,10, 0,0, 7,, AS160D96
13410,10, 0,0, 7,, AS128D128
13410,10, 0,0, 7,, AS96D160
13410,10, 0,0, 7,, AS64D192
13410,10, 0,0, 7,, AS32D224
13410,10, 0,0, 7,, AS16D240


;スコア表示 - 黒背景表示前スライド黒背景
[Begin Action 20007]
13410,17, 0,0, -1


;スコア表示 - 白線
[Begin Action 20001]
13410,11, -150,0, 1
13410,11, -140,0, 1
13410,11, -130,0, 1
13410,11, -120,0, 1
13410,11, -110,0, 1
13410,11, -100,0, 1
13410,11, -90,0, 1
13410,11, -80,0, 1
13410,11, -70,0, 1
13410,11, -60,0, 1
13410,11, -50,0, 1
13410,11, -40,0, 1
13410,11, -30,0, 1
13410,11, -20,0, 1
13410,11, -10,0, 1
13410,11, 0,0, -1


;スコア表示 - 文字「LIFE BONUS」
[Begin Action 20002]
13410,12, -50,0, 2
13410,12, -40,0, 2
13410,12, -30,0, 2
13410,12, -20,0, 2
13410,12, -10,0, 2
13410,12, 0,0, -1


;スコア表示 - 文字「TIME」
[Begin Action 20003]
13410,13, -70,0, 2
13410,13, -60,0, 2
13410,13, -50,0, 2
13410,13, -40,0, 2
13410,13, -30,0, 2
13410,13, -20,0, 2
13410,13, -10,0, 2
13410,13, 0,0, -1


;スコア表示 - 文字「COMBO BONUS」
[Begin Action 20004]
13410,14, -90,0, 2
13410,14, -80,0, 2
13410,14, -70,0, 2
13410,14, -60,0, 2
13410,14, -50,0, 2
13410,14, -40,0, 2
13410,14, -30,0, 2
13410,14, -20,0, 2
13410,14, -10,0, 2
13410,14, 0,0, -1


;スコア表示 - 文字「PERFECT」
[Begin Action 20005]
13410,15, -110,0, 2
13410,15, -100,0, 2
13410,15, -90,0, 2
13410,15, -80,0, 2
13410,15, -70,0, 2
13410,15, -60,0, 2
13410,15, -50,0, 2
13410,15, -40,0, 2
13410,15, -30,0, 2
13410,15, -20,0, 2
13410,15, -10,0, 2
13410,15, 0,0, -1


;スコア表示 - 文字「TOTAL」
[Begin Action 20006]
13410,16, -130,0, 2
13410,16, -120,0, 2
13410,16, -110,0, 2
13410,16, -100,0, 2
13410,16, -90,0, 2
13410,16, -80,0, 2
13410,16, -70,0, 2
13410,16, -60,0, 2
13410,16, -50,0, 2
13410,16, -40,0, 2
13410,16, -30,0, 2
13410,16, -20,0, 2
13410,16, -10,0, 2
13410,16, 0,0, -1


;スコア表示 - 数字「0」
[Begin Action 20010]
13410,0, 0,0, -1


;スコア表示 - 数字「1」
[Begin Action 20011]
13410,1, 0,0, -1


;スコア表示 - 数字「2」
[Begin Action 20012]
13410,2, 0,0, -1


;スコア表示 - 数字「3」
[Begin Action 20013]
13410,3, 0,0, -1


;スコア表示 - 数字「4」
[Begin Action 20014]
13410,4, 0,0, -1


;スコア表示 - 数字「5」
[Begin Action 20015]
13410,5, 0,0, -1


;スコア表示 - 数字「6」
[Begin Action 20016]
13410,6, 0,0, -1


;スコア表示 - 数字「7」
[Begin Action 20017]
13410,7, 0,0, -1


;スコア表示 - 数字「8」
[Begin Action 20018]
13410,8, 0,0, -1


;スコア表示 - 数字「9」
[Begin Action 20019]
13410,9, 0,0, -1


;上スコア表示 - 数字「0」
[Begin Action 20110]
13410,0, 0,0, 1


;上スコア表示 - 数字「1」
[Begin Action 20111]
13410,1, 0,0, 1


;上スコア表示 - 数字「2」
[Begin Action 20112]
13410,2, 0,0, 1


;上スコア表示 - 数字「3」
[Begin Action 20113]
13410,3, 0,0, 1


;上スコア表示 - 数字「4」
[Begin Action 20114]
13410,4, 0,0, 1


;上スコア表示 - 数字「5」
[Begin Action 20115]
13410,5, 0,0, 1


;上スコア表示 - 数字「6」
[Begin Action 20116]
13410,6, 0,0, 1


;上スコア表示 - 数字「7」
[Begin Action 20117]
13410,7, 0,0, 1


;上スコア表示 - 数字「8」
[Begin Action 20118]
13410,8, 0,0, 1


;上スコア表示 - 数字「9」
[Begin Action 20119]
13410,9, 0,0, 1


;0
[Begin Action 20210]
13410,18, 0,0, -1


;0
[Begin Action 20211]
13410,19, 0,0, -1,, A1


;
[Begin Action 7133]
7133,0, 0,0, 4
7133,1, 0,0, 4
7133,2, 0,0, 4
7133,3, 0,0, 4
7133,4, 0,0, 4
7133,5, 0,0, 4
7133,6, 0,0, 4


;
[Begin Action 18000]
Loopstart
18000,0, 0,0, 1
18000,0, 0,0, 1,, A


;
[Begin Action 18001]
Loopstart
18000,1, 0,0, 1
18000,1, 0,0, 1,, A


;0
[Begin Action 4010]
280,0, 0,0, 6,H
4000,0, 0,0, 6
4000,1, 0,0, 40
4000,11, 0,0, 4
4000,12, 0,0, 4
4000,2, 0,0, 30
271,2, 0,0, 4
271,1, 0,0, 40
270,0, 0,0, 4


;0
[Begin Action 4050]
5062,0, 0,0, -1


;0
[Begin Action 4015]
4015,0, 0,0, 30


; 暗琉天破(成功)
[Begin Action 4230]
Clsn1: 1
  Clsn1[0] = -1296, -1172, 1235, 727
1,2, 0,0, 100
Clsn1: 1
  Clsn1[0] = -1296, -1172, 1235, 727
1710,4, 0,0, -1


;0
[Begin Action 4250]
750,4, 0,0, 20
750,5, 0,0, 20
750,6, 0,0, 20
750,7, 0,0, 20


;0
[Begin Action 4255]
4255,0, 0,0, -1


;0
[Begin Action 4256]
4255,1, 0,0, -1


;0
[Begin Action 4257]
4255,2, 0,0, -1


;0
[Begin Action 4258]
7136,1, 0,0, 3,, AS170D200
7136,2, 0,0, 3,, AS170D200
7136,3, 0,0, 3,, AS170D200


;0
[Begin Action 4259]
4260,1, 0,0, -1,, A


;0
[Begin Action 4260]
4260,0, 0,0, -1,, A


; ブラックホール
[Begin Action 4261]
4012,0, 0,0, 1
4012,1, 0,0, 1
4012,2, 0,0, 1
4012,3, 0,0, 1
4012,4, 0,0, 1
4012,5, 0,0, 1
4012,6, 0,0, 1
4012,7, 0,0, 1
4012,8, 0,0, 1
4012,9, 0,0, 1
4012,10, 0,0, 1
4012,11, 0,0, 1
4012,12, 0,0, 1
4012,13, 0,0, 1
4012,14, 0,0, 1
4012,15, 0,0, 1
4012,16, 0,0, 1
4012,17, 0,0, 1
4012,18, 0,0, 1
4012,19, 0,0, 1
4012,20, 0,0, 1
4012,21, 0,0, 1
4012,22, 0,0, 1
4012,23, 0,0, 1
4012,24, 0,0, 1
4012,25, 0,0, 1
4012,26, 0,0, 1
4012,27, 0,0, 1
4012,28, 0,0, 1
4012,29, 0,0, 1
4012,30, 0,0, 1
4012,31, 0,0, 1
4012,32, 0,0, 1
4012,33, 0,0, 1
4012,34, 0,0, 1
4012,35, 0,0, 1
4012,36, 0,0, 3
4012,37, 0,0, 3
4012,38, 0,0, 3
4012,39, 0,0, 3
4012,40, 0,0, 3
4012,41, 0,0, 3
4012,42, 0,0, 3
4012,43, 0,0, 3
4012,44, 0,0, 66


;0
[Begin Action 4262]
4262,0, 0,0, 3
4262,1, 0,0, 2
4262,2, 0,0, 2


;
[Begin Action 17000]
17000,0, 0,0, 11


;
[Begin Action 17001]
17000,1, 0,0, 11


;
[Begin Action 17002]
17000,2, 0,0, 11


;
[Begin Action 17003]
17000,3, 0,0, 11


;0
[Begin Action 17004]
17000,4, 0,0, 11


; 
[Begin Action 114512]
-1,0, 0,0, 10


; 
[Begin Action 114514]
Clsn1: 1
  Clsn1[0] = -1296, -1172, 1235, 727
-1,0, 0,0, 10


;0
[Begin Action 10271]
Clsn1Default: 1
  Clsn1[0] = -9999, -9999, 9999, 9999
270,0, 0,0, 2
271,0, 0,0, 2
271,1, 0,0, 3
271,2, 0,0, 3
271,3, 0,0, 3
Clsn1: 1
  Clsn1[0] = 39, -199, 9998, 9782
271,4, 0,0, 4
271,3, 0,0, 12
230,0, 0,0, 2


